Symbol,Description
AADR,Advisorshares Dorsey Wright ADR
AAMC,Altisource Asset
AAU,Almaden Minerals
ABE,Aberdeen EM Smaller Company Fund
ACIM,ACWI IMI MSCI ETF SPDR
ACSI,American Customer Satisfaction Core Alpha ETF
ACU,Acme United Corp
ACWF,Ishares Global Multifactor ETF
ACWV,All Country World Min Vol MSCI Ishares
ACY,Aerocentury Corp
ADZ,DB Agriculture -1X ETN Powershares
AE,Adams Resources & Energy
AFK,Africa Index ETF Vaneck
AFTY,CSOP FTSE China A50 ETF
AGA,DB Agriculture -2X ETN Powershares
AGF,DB Agriculture ETN Powershares
AGG,Aggregate Bond Ishares
AGGE,IQ Enhanced Core Bond U.S. ETF
AGGP,IQ Enhanced Core Plus Bond U.S.
AGGY,Wisdomtree Yield Enhcd US Agg Bond Fund
AGQ,Ultra Silver Proshares
AGT,Argentina Index MSCI Ishares
AGZ,Agency Bond Ishares
AIEQ,Ai Powered Equity ETF
AINC,Ashford Inc
AIRI,Air Industries Group Inc
AKG,Asanko Gold Inc
ALD,Asia Local Debt ETF Wisdomtree
ALFA,Alphaclone Alternative Alpha ETF
ALFI,Alphaclone International ETF
ALN,American Lorain Corp
ALO,Alio Gold Corp.
ALTS,Mstar Alternative Solutions Proshares
AMJ,Alerian MLP Index ETN JP Morgan
AMJL,X-Links Mthy Pay 2X Leveraged Alerian MLP
AMLP,Alps Alerian MLP ETF
AMLX,Oil Hedged MLP Income ETF
AMPE,Ampio Pharmaceutical
AMS,American Shared Hospital Services
AMU,Etracs Alerian MLP Index ETN
AMUB,Etracs Alerian MLP ETN Series B
AMZA,Infracap MLP ETF
ANGL,Fallen Angel HY Bond ETF Vaneck
AOA,S&P Aggressive Allocation Ishares
AOK,S&P Conservative Allocation Ishares
AOM,S&P Moderate Allocation Ishares
AOR,S&P Growth Allocation Ishares
APHB,Ampliphi Biosciences Corp
APT,Alpha Pro Tech
ARCM,Arrow Reserve Capital Management ETF
ARGT,G-X FTSE Argentina 20 ETF
ARKG,Ark Genomic Revolution Multi-Sector ETF
ARKK,Ark Innovation ETF
ARKQ,Ark Industrial Innovation ETF
ARKW,Ark Web X.0 ETF
ARN.P,Arconic Inc. Pf 3.75
ASB.W,Associated Banc-Corp. WT
ASEA,G-X FTSE Asean 40 ETF
ASHR,Db-Xt Harvest CSI 300 China A
ASHS,Db-Xt Harvest CSI 500 China A
ASHX,Db-Xt CSI 300 China A Hgd Eq
ASM,Avino Silver & Gold
AST,Asterias Biotherapeutics Inc
ATMP,Barclays Plus Select MLP ETN
ATNM,Actinium Pharmaceuticals Inc
AUG,Auryn Resources Inc
AUMN,Golden Minerals Co
AUSE,Australia Dividend Wisdomtree
AWX,Avalon Holdings Corp
AXJL,Asia Pacific Ex-Japan Wisdomtree
AXJV,Asia Ex Japan Mini Ishares ETF
AXN,China Aoxing Pharmaceutical Company
AXU,Alexco Resource Corp
AYT,GEMS Asia 8 ETN Ipath
BAA,Banro Corp
BAB,Build America Bond Powershares
BAL,DJ-UBS Cotton TR Sub-Idx ETN Ipath
BAR,Graniteshares Gold Trust Shares of Beneficial In
BBC,Bioshares Biotech Clinical Trial
BBP,Bioshares Biotech Products
BBRC,Columbia Beyond Brics ETF
BCD,All Commodity Longer Dated Strategy ETF
BCI,All Commodity Strategy K-1 Free ETF
BCM,Broad Commodity Pure Beta ETN Ipath
BCV,Bancroft Convertible Fund
BCV-A,Bancroft Fund Ltd
BDCL,Wells Fargo 2X Bus Dv Cm ETN UBS E-Tracs
BDCS,Wells Fargo Bus Dev Comp ETN
BDCZ,Etracs Wells Fargo Business Dev ETN
BDD,DB Base Metals 2X ETN Powershares
BDL,Flanigan's Enterprises
BDR,Blonder Tongue Laboratories
BEF,Energy Commodity Longer Dated Strategy ETF
BEMO,Aptus Behavioral Momentum ETF
BERN,Bernstein U.S. Research Fund
BFOR,Barron's 400
BFY,Blackrock New York Muni Trust II
BGI,Birks Group Inc
BGSF,Bg Staffing
BHB,Bar Harbor Bankshares
BHV,Blackrock Virginia Muni Trust
BIBL,Inspire 100 ETF
BIL,1-3 Month T-Bill Barclays Capital SPDR
BIV,Interm Term Bond ETF Vanguard
BIZD,Bdc Income Vaneck ETF
BJK,Gaming ETF Vaneck
BKF,BRIC Index MSCI Ishares
BKJ,Bancorp of New Jersey Inc
BKLN,Senior Loan Portfolio Powershares
BLE,Blackrock Muni Income Trust II
BLES,Inspire Global Hope Large Cap ETF
BLHY,Virtus Dynamic Credit ETF
BLJ,Blackrock New Jersey Muni Trust
BLNG,Precious Metals Pure Beta ETN Ipath
BLV,Long Term Bond Index ETF Vanguard
BND,Total Bond Market ETF Vanguard
BNDC,Flexshares Core Select Bond Fund
BNDS,Aggregate Bond ETF SPDR
BNO,US Brent Oil
BOIL,Ultra DJ-UBS Natural Gas Proshares
BOM,DB Base Metals -2X ETN Powershares
BOND,Total Return ETF Pimco
BOS,DB Base Metals -1X ETN Powershares
BOSS,G-X Founder-Run Companies ETF
BPMX,Biopharmx Corporatio
BRF,Brazil Smallcap ETF Vaneck
BRG,Bluerock Residential Growth Rei
BRG-A,Bluerock Residential Growth Rei
BRG-C,Bluerock Residential Growth REIT Inc
BRG-D,Bluerock Residential Growth REIT Inc
BRGL,Bernstein Global Research Fund
BRN,Barnwell Industries
BRZU,Direxion Brazil Bull 3X
BSCH,2017 Corp Bond Bulletshares Guggenheim
BSCI,2018 Corp Bond Bulletshares Guggenheim
BSCJ,2019 Corp Bond Bulletshares Guggenheim
BSCK,2020 Corp Bond Bulletshares Guggenheim
BSCL,2021 Corp Bond ETF Bulletshares Guggenheim
BSCM,2022 Corp Bond ETF Bulletshares Guggenheim
BSCN,2023 Corp Bond ETF Bulletshares Guggenheim
BSCO,2024 Corp Bond ETF Bulletshares Guggenheim
BSCP,2025 Corp Bond ETF Bulletshares Guggenheim
BSCQ,2026 Corporate Bond ETF Bulletshares Guggenheim
BSCR,Guggenheim Bulletshares 2027 Corporate Bond ETF
BSJH,2017 HY C Bd ETF Bulletshares Guggenheim
BSJI,2018 HY C Bd ETF Bulletshares Guggenheim
BSJJ,2019 High Yld Corp Bond ETF Bulletshares Guggenh
BSJK,2020 High Yld Corp Bond ETF Bulletshares Guggenh
BSJL,2021 High Yld Corp Bond ETF Bulletshares Guggenh
BSJM,2022 High Yld Corp Bond ETF Bulletshares Guggenh
BSJN,2023 High Yld Corp Bond ETF Bulletshares Guggenh
BSJO,2024 High Yld Corp Bd ETF Bulletshares Guggenhei
BSJP,Claymore Exchange-Traded Fund Trust ETF
BSV,Short-Term Bond ETF Vanguard
BSWN,Velocity VIX Tail Risk
BTAL,US Anti-Beta Fund Mkt Neutral Quantshares
BTG,B2Gold Corp
BTN,Ballantyne Strong Inc
BTU.P,Home
BTX,Biotime Inc
BTX.W,Biotime Inc Warrants
BUZ,Sprott Buzz Social Media Insights ETF
BVAL,Brand Value ETF
BVX,Bovie Medical Corp
BWL.A,Bowl Amer Inc Cl A
BWV,CBOE S&P 500 Buywrite Index ETN Ipath
BWX,Intl Treasury Bond ETF SPDR
BWZ,Short-Term Intl Treasury Bond ETF SPDR
BYLD,Yield Optimized Bond Ishares
BZF,Wisdomtree Brazilian Real Fund
BZM,Blackrock Maryland Muni Trust
BZQ,Ultrashort MSCI Brazil Proshares
CAFE,Coffee Pure Beta ETN Ipath
CALF,Pacer US Small Cap Cash Cows 100 ETF
CANE,Teucrium Sugar
CANF,Can-Fite Biopharma Ltd
CAPE,Barclays Schiller Cape ETN
CAW,CCA Industries
CBND,Issuer Scd Corp Bond SPDR
CBON,Chinaamc China Vaneck ETF
CCA,MFS California Insured Muni Trust
CCF,Chase Corp
CCOR,Cambria Core Equity ETF
CDOR,Condor Hospitality T
CEF,Central Fund of Canada
CEFL,Etracs Mt Pay 2X Closed-End Fund ETN
CEFS,Exchange Listed Funds Trust ETF
CEI,Camber Energy Inc
CEMB,Emrg Mkts Corporate Bond Fund Ishares
CET,Central Securities Corp
CEV,Eaton Vance California Muni Income Trust
CEW,Wisdomtree Emerging Currency Fund
CGW,S&P Global Water Guggenheim
CH,Aberdeen Chile Fund
CHAD,Direxion CSI 300 China A 1X
CHAU,Direxion CSI 300 China A 2X
CHEP,US Value Fund Mkt Neutral ETF Quantshares
CHGX,Diversified Impact U.S. Large Cap Fossil Fuel F
CHIE,G-X China Energy ETF
CHII,G-X China Industrials ETF
CHIM,G-X China Materials ETF
CHIQ,G-X China Consumer ETF
CHIX,G-X China Financials ETF
CHOC,Cocoa Pure Beta ETN Ipath
CIK,Credit Suisse Asset Management
CIS.W,Cision Ltd. Warrants
CIX,Compx International Inc
CJNK,Bofa Crossover Corp Bond ETF SPDR
CKX,Ckx Lands
CLM,Cornerstone Strategic Value Fund
CLTL,Treasury Collateral Portfolio PS
CLY,10+ Year Credit Bond Ishares
CLYH,Ishares Int-Rate Hedged 10 Year Bond
CMBS,CMBS Bond Ishares
CMCL,Caledonia Mining Cp
CMDT,DOW Jones-UBS Roll Select Ishares
CMF,S&P CA Municipal Bond Ishares
CMT,Core Molding Technologies Inc
CN,Db-Xt MSCI All China Eq
CNDA,IQ Canada Smallcap ETF
CNDF,Ishares Consumer Disc Multifactor
CNHX,CSOP MSCI China A International
CNSF,Ishares Consumer Staple Multifactor
CNTR,Contrarian Opportunity PS
CNXT,Chinaamc Sme-Chn Vaneck ETF
CNY,RMB/USD ETN Vaneck
CNYA,Ishares China A ETF
COHN,Cohen & Co Inc.
COM,Direxion Auspice Broad Commodity Strategy ETF
COMB,Commodity Broad Strategy No K-1 ETF
COMG,GSCI Commodity Broad Strategy No K-1 ETF
COPX,G-X Copper Miners ETF
CORN,Teucrium Corn
CORP,Invest Grade Corp Bd Index ETF Pimco
COW,DJ-UBS Livestock TR Sub-Idx ETN Ipath
COWZ,Pacer US Cash Cows 100 ETF
CPER,US Copper
CPHI,China Pharma Holdings
CPI,IQ Real Return ETF
CQH,Cheniere Energy Partners LP Holdings Llc
CQP,Cheniere Energy Partners LP
CQQQ,China Technology ETF Guggenheim
CRAK,Oil Refiners Vaneck ETF
CRBN,Ishares ACWI Low Carbon Target ETF
CRF,Cornerstone Strategic Return Fund
CRHM,CRH Medical Corp
CRMD,Cormedix Inc
CROC,Ultrashort Australian Proshares
CROP,IQ Global Agribusiness Smallcap ETF
CRVP,Crystal Rock Holdings
CSD,Guggenheim S&P Spin-Off ETF
CSM,Largecap Core Proshares Lus
CTEK,Cynergis Tek Inc.
CTNN,Cotton Pure Beta ETN Ipath
CTO,Consolidated-Tomoka Land Co
CUMB,Virtus Cumberland Municipal Bond ETF
CUO,Continental Materials Corp
CUPM,Copper Pure Beta ETN Ipath
CURE,Healthcare Bull 3X Direxion ETF
CUT,Guggenheim MSCI Global Timber ETF
CVM,Cel-Sci Corp
CVM.W,Cel-Sci Corp
CVR,Chicago Rivet & Machine Co
CVRS,Corindus Vascular Robotics Inc
CVU,CPI Aerostructures
CVY,Multi Asset Income Guggenheim
CWAI,Cwa Income ETF
CWB,Convertible Secs Barclays Capital SPDR
CWEB,Direxion CSI China Internet Idx Bull 2X
CWI,ACWI [Ex-Us] MSCI ETF SPDR
CWS,Advisorshares Focused Equity ETF
CYB,Wisdomtree Chinese Yuan Fund
CZA,Midcap Core Guggenheim
DAG,DB Agriculture 2X ETN Powershares
DALT,Anfield Capital Diversified Alternatives ETF
DBA,DB Agriculture Fund PS
DBAP,Db-Xt MSCI Asia Pacific Ex-Japan Hgd Eq
DBAW,Db-Xt MSCI All World Ex-US Hgd Eq
DBB,DB Base Metals ETN Powershares
DBBR,Db-Xt MSCI Brazil Hgd Eq
DBC,DB Commodity Index Powershares
DBE,DB Energy Powershares
DBEF,Db-Xt MSCI EAFE Hgd Eq
DBEM,Db-Xt MSCI EM Mkts Hgd Eq
DBES,Db-Xt MSCI EAFE Smcp Hgd Eq
DBEU,Db-Xt MSCI Europe Hgd Eq
DBEZ,Db-Xt MSCI Eurozone Hdg Eq
DBGR,Db-Xt MSCI Germany Hgd Eq
DBIT,Db-Xt MSCI Italy Hgd Eq
DBJP,Db-Xt MSCI Japan Hgd Eq
DBKO,Db-Xt MSCI South Korea Hgd Eq
DBMX,Db-Xt MSCI Mexico Hgd Eq
DBO,DB Oil Powershares
DBP,DB Precious Metals Powershares
DBRT,Credit Suisse Axelatrader 3X Inverse Brent Crude
DBS,DB Silver Powershares
DBSE,Db-Xt MSCI Southern Europe Hedged Eqty ETF
DBUK,DB Xt MSCI UK Hedged Equity
DBV,DB G10 Currency Harvest Powershares
DCNG,Seasonal Natural Gas ETN Ipath
DDEZ,Wisdomtree Europe Eqty Dynamic Currency Hedged
DDG,Oil & Gas Short Proshares
DDJP,Wisdomtree Japan Eqty Dynamic Currency Hedged
DDLS,Wisdomtree Intl Smallcap Dynamic Currency Hedged
DDM,Ultra DOW 30 Proshares
DDP,DB Commodity -1X ETN Powershares
DDWM,Wisdomtree Intl Eqty Dynamic Currency Hedged
DEEF,Db-Xt FTSE Dvlpd Ex US Comp Factor ETF
DEF,Defensive Equity Guggenheim
DEFA,Ishares EAFE Adaptive Currency Hedge
DEM,Emrg Mkts Equity Inc Wisdomtree
DEMG,Db-Xt FTSE Emerging Comp Factor ETF
DEMS,Democratic Policies Fund
DES,Smallcap Dividend Wisdomtree
DESC,Db-Xt Russell 2000 Comp Factor ETF
DEUS,Db-Xt Russell 1000 Comp Factor ETF
DEW,Global Equity Income Wisdomtree
DEWJ,Ishares Japan Adaptive Currency Hedge
DEZU,Ishares Eurozone Adaptive Currency Hedge
DFE,Europe Smallcap Dividend Wisdomtree
DFEN,Direxion Daily Aerospace Defense Bull 3X Shares
DFJ,Japan Smallcap Dividend Wisdomtree
DFND,Reality Divcon Dividend Defender ETF
DGAZ,Natural Gas -3X Inverse ETN Velocityshares
DGL,DB Gold Powershares
DGP,DB Gold 2X ETN Powershares
DGRO,Dividend Growth Ishares
DGS,Emrg Mkts Smallcap Div Wisdomtree
DGSE,Dgse Companies Inc
DGT,Global DOW ETF SPDR
DGZ,DB Gold -1X ETN Powershares
DHDG,Wisdomtree Intl Dividend Dynamic Currency Hedged
DHS,Equity Income Wisdomtree
DHVW,Diamond Hill Valuation-Weighted
DHY,Credit Suisse High Yield Bond Fund
DIA,DOW Industrials SPDR
DIAL,Columbia Diversified Fixed Income Allocation ETF
DIG,Ultra Oil & Gas Proshares
DIM,Intl Midcap Dividend Wisdomtree
DIRT,Agriculture Pure Beta ETN Ipath
DIT,Amcon Distributing Company
DIV,G-X Super Dividend ETF
DIVA,Quantshares Hedged Dividend Income ETF
DIVC,Citigroup Inc C-Tracks ETN
DIVO,Amplify Yieldshares Cwp Dividend Option Inc ETF
DIVY,Reality Shares Divs ETF
DJCI,DJ-UBS Commodity Idx TR ETN UBS E-Tracs
DJD,Guggenheim DOW Jones Indu ETF
DJP,DJ-UBS Commodity Idx TR ETN Ipath
DLA,Delta Apparel
DLBR,Velocityshares Short Libor
DLN,Largecap Dividend Wisdomtree
DLS,Intl Smallcap Dividend Wisdomtree
DMF,Dreyfus Muni Income
DMRI,Deltashares S&P Intl Managed Risk ETF
DMRL,Deltashares S&P 500 Managed Risk ETF
DMRM,Deltashares S&P 400 Managed Risk ETF
DMRS,Deltashares S&P 600 Managed Risk ETF
DNL,Global Ex-US Growth Wisdomtree
DNN,Denison Mines Corp
DNO,US Short Oil
DOD,DJ High Yield Select 10 ETN Elements
DOG,DOW 30 Short Proshares
DOL,Intl Largecap Dividend Wisdomtree
DON,Midcap Dividend Wisdomtree
DOO,Intl Div Ex-Financials Wisdomtree
DPK,Dev Mkts Bear 3X Direxion ETF
DPST,Direxion Regional Banks Bull 3X
DPW,Digital Power Corp
DRIP,Direxion S&P Oil & Gas Expl Bear 3X
DRN,Real Estate Bull 3X Direxion
DRR,Euro -2X ETN Vaneck
DRV,Real Estate Bear 3X Direxion
DRW,Global Ex-US Real Estate Wisdomtree
DSI,KLD 400 Social Index Ishares
DSS,Document Security Systems
DSUM,Chinese Yuan Dim Sum Bond Powershares
DTD,Total Dividend Wisdomtree
DTH,DEFA Equity Income Wisdomtree
DTN,Dividend Ex-Financials Wisdomtree
DTO,DB Crude Oil -2X ETN Powershares
DUG,Ultrashort Oil & Gas Proshares
DUSL,Direxion Daily Industrials Bull 3X Shares
DUST,Gold Miners Bear 3X Direxion ETF
DVEM,Wisdomtree EM Dividends Fund
DVHL,Etracs Mt Pay 2X Dvrsfd High Income ETN
DVP,Deep Value ETF
DVYA,Asia Pacific Dividend 30 Ishares
DVYE,Emrg Mkts Dividend Ishares
DVYL,DJ 2X Select Dividend ETN
DWM,DEFA Wisdomtree
DWT,Velocity 3X Inverse Crude Oil
DWX,S&P Dividend Intl SPDR
DXD,Ultrashort DOW 30 Proshares
DXJ,Japan Hedged Equity Wisdomtree
DXJC,Wisdomtree Japan Capital Goods Hedged Fund
DXJF,Wisdomtree Japan Financials Hedged Fund
DXJH,Wisdomtree Japan Healthcare Hedged Fund
DXJR,Wisdomtree Japan Real Estate Hedged Fund
DXR,Daxor Corp
DXUS,Wisdomtree Global Ex-US Hedged Divd Fund
DYB,Wisdomtree Bearish U.S. Equity Fund
DYLS,Wisdomtree L/S US Eqty Dynamic
DYY,DB Commodity 2X ETN Powershares
DZK,Dev Mkts Bull 3X Direxion ETF
DZZ,DB Gold -2X ETN Powershares
EAD,Wells Fargo Advantage
EBND,EM Local Bond ETF Barclays Capital SPDR
ECF,Ellsworth Convertible Growth and Income
ECF-A,Ellsworth Fund Ltd
ECH,Chile Index MSCI Ishares
ECNS,China Smallcap MSCI Ishares
ECON,Emrg Mkts Consumer Egshares
EDC,Emrg Mkts Bull 3X Direxion
EDEN,Denmark Index MSCI Ishares
EDIV,S&P Emrg Mkts Dividend SPDR
EDOG,Alps Emerging Sector Dividend
EDOM,Wisdomtree Europe Domestic Ecomony Fund
EDOW,First Trust DOW 30 Equal Weight ETF
EDV,Extended Dur Trs Idx ETF Vanguard
EDZ,Emrg Mkts Bear 3X Direxion
EEB,BRIC Guggenheim
EEH,Spectrum Lg Cap U.S. Sector ETN Elements
EELV,S&P EM Low Vol Powershares
EEM,Emrg Mkts Index MSCI Ishares
EEMO,S&P EM Momentum Portfolio PS
EEMS,Emrg Mkts Smallcap MSCI Ishares
EEMV,Emrg Mkts Min Vol Idx MSCI Ishares
EEMX,EM Fossil Fuel Reserves MSCI ETF SPDR
EES,Smallcap Earnings Wisdomtree
EET,Ultra MSCI Emrg Mkts Proshares
EEV,Ultrashort MSCI Emrg Mkts Proshares
EFA,EAFE Index MSCI Ishares
EFAD,EAFE Dividend Growth Proshares
EFAV,EAFE Min Volatility MSCI Ishares
EFAX,EAFE Fossil Fuel Reserves Free MSCI ETF SPDR
EFFE,G-X JPM Efficiente Index ETF
EFG,EAFE Growth Index MSCI Ishares
EFNL,Finland Index MSCI Ishares
EFO,Ultra MSCI EAFE Proshares
EFU,Ultrashort MSCI EAFE Proshares
EFV,EAFE Value Index MSCI Ishares
EFZ,EAFE MSCI Short Proshares
EGI,Entree Resources Ltd
EGPT,Egypt Index ETF Vaneck
EIA,Eaton Vance California Muni Bond II
EIDO,Indonesia Index MSCI Ishares
EIM,Eaton Vance Muni Bond Fund
EIO,Eaton Vance Ohio Muni Bond Fund
EIP,Eaton Vance Pennsylvania Muni Bond
EIRL,Ireland Index MSCI Ishares
EIS,Israel Index MSCI Ishares
EIV,Eaton Vance Muni Bond Fund II
ELD,Emrg Mkts Local Debt Wisdomtree
ELLO,Ellomay Capital Ltd Ordinary Sh
ELMD,Electromed Inc
EMAG,EM Aggregate Bond Vaneck ETF
EMAN,Emagin Corp
EMBH,Ishares Int-Rate Hedged EM Bond
EMBU,Direxion Emerging Markets Bond Bull 3X Shares
EMDV,Emerging Markets Proshares
EMFM,G-X Next Emerging & Frontier ETF
EMGF,Ishares MSCI Multifactor EM ETF
EMHY,Emrg Mkts High Yield Bond Fund Ishares
EMI,Eaton Vance Michigan Muni Income Trust
EMIH,Db-Xt EM Bond Int Rate Hdged ETF
EMJ,Eaton Vance New Jersey Muni Bond
EMLB,Ipath Long Enhcd MSCI EM Index ETN
EMLC,Emrg Mkts Local Curr Bond ETF Vaneck
EMLP,North American Energy Infr Fund FT
EMQQ,Emrg Mkts Internet and Ecommerce Etc
EMSD,Wisdomtree Strong Dollar EM Eqty Fund
EMSH,Short-Term USD EM Bond Proshares
EMTL,EM Fixed Income ETF SPDR
EMX,Emx Royalty Group
ENFR,Alerian Energy Infrastructure E
ENOR,Norway Index MSCI Ishares
ENRJ,Enerjex Resources Inc
ENSV,Enservco Corpporation
ENX,Eaton Vance New York Muni Bond Fund
ENY,Canadian Energy Income Guggenheim
EPHE,Philippines Index MSCI Ishares
EPI,India Earnings Wisdomtree
EPM,Evolution Petroleum Corp
EPOL,Poland Index MSCI Ishares
EPP,Pacific Ex-Japan MSCI Ishares
EPRF,Elkhorn S&P High Quality Preferred
EPS,Earnings 500 Wisdomtree
EPU,Peru Index MSCI Ishares
EPV,Ultrashort FTSE Europe Proshares
EQAL,Russell 1000 EW ETF PS
EQL,Alps Equal Sector Weight ETF
EQLT,Workplace Equality Portfolio ETF
EQWL,Russell Top 200 EW ETF PS
EQWM,Russell Midcap EW ETF PS
EQWS,Russell 2000 EW ETF PS
ERC,Wells Fargo Advantage Multi-Sector
ERGF,Ishares Energy Multifactor
ERH,Wells Fargo Advantage Utilities and High
ERM,Equitycompass Risk Manager ETF
ERN,Erin Energy Corp
ERO,EUR/USD Exchange Rate ETN Ipath
ERUS,Russia Index MSCI Ishares
ERX,Energy Bull 3X Direxion
ERY,Energy Bear 3X Direxion
ESBA,Empire State Realty Op LP
ESGF,Global ESG Revenue ETF Oppenheimer
ESGL,ESG Revenue ETF Oppenheimer
ESGN,Columbia Sustainable Internatio
ESGS,Columbia Sustainable U.S. Equit
ESGW,Columbia Sustainable Global Equ
ESNC,Ensync Inc
ESP,Espey Mfg. & Electronics
ETHO,Etho Climate Leadership U.S. ETF
EUDG,Wisdomtree Europe Dividend Growth Fund
EUDV,Europe Dividend Proshares
EUFL,Direxion European Financials Bull 2X
EUFX,Euro Short Proshares
EUM,Emrg Mkts MSCI Short Proshares
EUMV,Europe Minimum Vol Ishares ETF
EUO,Ultrashort Euro Proshares
EURL,Direxion FTSE Europe Bull 3X
EURZ,Db-Xt MSCI Southern Europe Hedged Eqty ETF
EUSA,US Index MSCI Ishares
EUSC,Wisdomtree Europe Hedged Smallcap Eqty ETF
EUXL,Direxion Daily Euro Stoxx 50 Bull 3X Shares
EVBN,Evans Bancorp
EVI,Envirostarm Inc
EVIX,Velocityshares 1X Long Vstoxx Futures ETN
EVJ,Eaton Vance New Jersey Muni Income Trust
EVM,Eaton Vance California Muni Bond Fund
EVO,Eaton Vance Ohio Muni Income Trust
EVP,Eaton Vance Pennsylvania Muni Income Trust
EVV,Eaton Vance Limited Duration
EVX,Environmental Svcs ETF Vaneck
EVY,Eaton Vance New York Muni Income Trust
EWA,Australia Index MSCI Ishares
EWC,Canada Index MSCI Ishares
EWD,Sweden Index MSCI Ishares
EWEM,Emrg Mkts Eq WT MSCI Guggenheim
EWG,Germany Index MSCI Ishares
EWGS,Germany Smallcap MSCI Ishares
EWH,Hong Kong Index MSCI Ishares
EWI,Italy Index MSCI Ishares
EWJ,Japan Index MSCI Ishares
EWK,Belgium Index MSCI Ishares
EWL,Switzerland Index MSCI Ishares
EWM,Malaysia Index MSCI Ishares
EWMC,Guggenheim S&P Midcap 400 EW ETF
EWN,Netherlands Invstbl Mkt Idx Ishares ETF
EWO,Austria Index MSCI Ishares
EWP,Spain Index MSCI Ishares
EWQ,France Index MSCI Ishares
EWRE,Guggenheim S&P 500 EW ETF
EWS,Singapore Index MSCI Ishares
EWSC,Guggenheim S&P Smallcap 600 EW ETF
EWT,Taiwan Index MSCI Ishares
EWU,UK Index MSCI Ishares
EWUS,UK Smallcap MSCI Ishares
EWV,Ultrashort MSCI Japan Proshares
EWW,Mexico Index MSCI Ishares
EWX,S&P Emrg Mkts Smallcap SPDR
EWY,South Korea Index MSCI Ishares
EWZ,Brazil Index MSCI Ishares
EXI,S&P Global Industrials Ishares
EXIV,Velocityshares 1X Daily Inverse Vstoxx Futures E
EXT,Total Earnings Wisdomtree
EYLD,Cambria Emerging Shareholder Yield ETF
EZA,South Africa Index MSCI Ishares
EZJ,Ultra MSCI Japan Proshares
EZM,Midcap Earnings Wisdomtree
EZU,Ishares MSCI Eurozone ETF
EZY,Largecap Value Wisdomtree
FAN,Global Wind Energy First Trust
FANZ,Prosports Sponsors ETF
FAS,Financial Bull 3X Direxion
FAUS,Australia Alphadex First Trust
FAX,Aberdeen Asia-Pacific
FAZ,Financial Bear 3X Direxion
FBGX,FI Enhanced Large Cap Growth ETN
FBND,Fidelity Total Bond ETF
FBT,Biotechnology Index NYSE ETF
FCG,Natural Gas ETF FT
FCO,Aberdeen Global
FCOM,Fidelity Telecommunication MSCI ETF
FCOR,Fidelity Corporate Bond ETF
FDD,Stoxx Euro Select Div First Trust
FDIS,Fidelity Consumer Disc MSCI ETF
FDL,Mstar Dividend Leaders
FDLO,Fidelity Low Volatility Factor ETF
FDM,DJ Select Microcap First Trust
FDMO,Fidelity Momentum Factor ETF
FDN,DJ Internet Index First Trust
FDRR,Fidelity Dividend ETF For Rising Rates
FDVV,Fidelity Core Dividend ETF
FEEU,Barclays FI Enhanced Europe 50 ETN
FEN,Energy Income and Growth Fund
FENY,Fidelity Energy MSCI ETF
FEU,Stoxx Europe 50 SPDR
FEZ,Euro Stoxx 50 ETF SPDR
FFHG,Formula Folios Hedged Growth ETF
FFIU,Fieldstone Uva Unconstrained Medium-Term Fixed I
FFR,FTSE En Dev Mkts Rel Est First Trust
FFSG,Formulafolios Smart Growth ETF
FFTG,Formulafolios Tactical Growth ETF
FFTI,Formula Folios Income ETF
FFTY,Innovator Ibd 50 Fund ETF
FGD,DJ Global Select Dividend First Trust
FHLC,Fidelity Health Care MSCI ETF
FIBR,Ishares US Fixed Income
FIDU,Fidelity Industrials MSCI ETF
FIEE,FI Enhanced 2X Europe 50 ETN
FIEG,FI Enhanced Global High Yield
FIEU,FI Enhanced Europe 50 ETN
FIGY,Barclays FI Enhanced Global Hi Yld
FIHD,FI Enhanced Global High Yield ETN
FILL,Global Energy Producers MSCI Ishares
FINU,Ultrapro Financials Proshares
FINZ,Ultrapro Short Financials Proshares
FISK,Empire State Realty Op LP Se
FIW,Water ETF FT
FLCO,Liberty Investment Grade Corp ETF
FLEU,FI Enhanced Europe 50 ETN Series B
FLGE,CS FI Large Cap Growth Enhanced ETN
FLIO,Franklin Intl Opportunities ETF
FLLV,Liberty US Low Volatility ETF
FLM,Global Engineering and Construction ETF FT
FLMB,Franklin Liberty Municipal Bond ETF
FLMI,Franklin Liberty Intermediate Munic
FLOT,Floating Rate Note Ishares
FLQD,Liberty Global Dividend
FLQE,Liberty Emerging Marketfs ETF
FLQG,Liberty Global Equity ETF
FLQH,Liberty Intl Equity Hedged ETF
FLQL,Franklin Libertyq U.S. Equity ETF
FLQM,Franklin Libertyq U.S. Mid Cap Equity ETF
FLQS,Franklin Libertyq U.S. Small Cap Equity ETF
FLRN,Inv Growth Floating Rate ETF SPDR
FLRT,Advisorshares Pacific Asset Enh
FLTB,Fidelity Limited Term Bond ETF
FLTR,Investment Grade Floating Rate Vaneck ETF
FM,Frontier 100 Ishares ETF
FMAT,Fidelity Materials MSCI ETF
FMDG,Fieldstone Merlin Dynamic Large Cap Growth ETF
FMF,Mstar Managed Futures Strategy Fund FT
FNCF,Ishares Financials Multifactor
FNCL,Fidelity Financials MSCI ETF
FNDA,Schwab Fundamental US Smallcap
FNDB,Schwab Fundamental US Broad Market
FNDC,Schwab Fundamental Intl Smallcap
FNDE,Schwab Fundamental EM Large Company
FNDF,Schwab Fundamental Intl Large Company
FNDX,Schwab Fundamental US Largecap
FNG,Advisorshares New Tech and Media ETF
FNI,Chindia ETF FT
FOIL,Aluminum Pure Beta ETN Ipath
FPE,Preferred Securities and Income ETF FT
FPEI,FT Institutional Preferred Securities and Income
FPP,Fieldpoint Petroleum Corp
FPP.W,Fieldpoint Petroleum Warrant
FPX,US IPO Index First Trust
FQAL,Fidelity Quality Factor ETF
FRAK,Unconventional Oil & Gas Vaneck ETF
FRD,Friedman Industries Inc
FREL,Fidelity Real Estate MSCI ETF
FRI,S&P REIT Index
FRN,Frontier Markets Guggenheim ETF
FSI,Flexible Solutions International Inc
FSP,Franklin Street Properties
FSTA,Fidelity Consumer Staples MSCI ETF
FTEC,Fidelity Info Tech MSCI ETF
FTF,Franklin Templeton Limited Duration
FTLS,Long/Short Equity ETF FT
FTSD,Franklin Short Dur US Government ETF
FTVA,Aptus Fortified Value ETF
FUD,CMCI Food TR ETN UBS E-Tracs
FUE,MLCX Biofuels Index TR ETN Elements
FUT,Managed Futures Strategy Proshares
FUTY,Fidelity Utilities MSCI ETF
FVAL,Fidelity Value Factor ETF
FVD,Value Line Dividend Idx First Trust
FVL,Value Line 100 ETF First Trust
FWDB,Madrona Global Bond ETF
FWDD,Madrona Domestic ETF
FWDI,Madrona International ETF
FXA,Australian Dollar Trust
FXB,British Pound Sterling Trust
FXC,Canadian Dollar Trust
FXCH,Chinese Renminbi Trust
FXD,Consumer Disc Alphadex First Trust
FXE,Euro Trust
FXEP,Developed Euro-Pacific PS
FXEU,Europe Currency Hedged PS
FXF,Swiss Franc Trust
FXG,Consumer Staples Alphadex First Trust
FXH,Healthcare Alphadex First Trust ETF
FXI,FTSE China 25 Index Fund Ishares
FXJP,Japan Currency Hedged PS
FXL,Technology Alphadex First Trust
FXN,Energy Alphadex First Trust
FXO,Financial Alphadex First Trust
FXP,Ultrashort FTSE China 25 Proshares
FXR,Indust/Producer Dur Alphadex First Trust
FXS,Swedish Krona Trust
FXSG,Singapore Dollar Currencyshares
FXU,Utilities Alphadex First Trust
FXY,Japanese Yen Trust
FXZ,Materials Alphadex First Trust
FYLD,Cambria Foreign Shareholder Yie
GAA,Cambria Global Asset Allocation
GAL,SSGA Global Allocation ETF SPDR
GAMR,Purefunds Video Game Tech ETF
GARD,Reality Divcon Dividend Guard ETF
GASL,Natural Gas Bull 3X Direxion
GASX,Direxion Natural Gas Bear 3X
GAZ,DJ-UBS Natural Gas TR Sub-Idx ETN Ipath
GAZB,Barclays Bank Plc Ipath Series B Bloomberg Natur
GBB,GBP/USD Exchange Rate ETN Ipath
GBF,Government/Credit Bond Ishares
GBIL,GS Treasuryaccess 0-1 Year ETF
GBR,New Concept Energy Inc
GCC,Continuous Commodity Index
GCE,CEF GS Connect ETN Claymore
GCOW,Pacer Global Cash Cows Dividend
GDP,Goodrich Petroleum Corp
GDVD,Principal Active Global Dividend Income ETF
GDX,Gold Miners Vaneck ETF
GDXJ,Junior Gold Miners ETF Vaneck
GDXS,Ultrashort Gold Miner Proshares
GDXX,Ultra Gold Miners Proshares
GEM,GS Activebeta EM Equity ETF
GEUR,Advisorshares Gartman Gold/Euro
GEX,Global Alternatve Energy ETF Vaneck
GGN,Gamco Global Gold Natural Resources
GGN-B,Gamco Global Gold Natural Reou
GGO,Gabelli Go Anywhere Trust
GGO-A,The Gabelli Healthcare and Wellness Trust
GHII,S&P High Inc Infrast Guggenheim ETF
GHS,Rex Gold Hedged S&P 500 ETF
GHYB,Access High Yield Corporate Bond ETF Goldman Sac
GHYG,Global High Yield Corporate Bond Fund Ishares
GIGB,Goldman Sachs Access Investment Grade Corp Bond
GII,FTSE Global Infra 100 SPDR
GLD,Gold SPDR
GLDW,Long Dollar Gold Trust SPDR
GLL,Ultrashort Gold Proshares
GLO,Clough Global Opportunities Fund
GLOW,Glowpoint Inc
GLQ,Clough Global Equity Fund
GLTR,Physical Precious Metals Basket
GLU,Gabelli Global Utility
GLU-A,The Gabelli Global Utility and
GLV,Clough Global Allocation Fund
GMF,S&P Emerging Asia Pacific SPDR
GMFL,Guggenheim Multi-Factor Large Cap ETF
GMM,S&P Emerging Markets SPDR
GMO,General Moly Inc
GMOM,Cambria Global Momentum ETF
GNR,S&P Global Natural Resources SPDR
GOAU,US Global Go Gold and Precious Metal Miners ETF
GOEX,G-X Gold Explorers ETF
GOP,Republican Policies Fund
GORO,Gold Resource Corp
GOVT,Core US Treasury Bond ETF Ishares
GPL,Great Panther Silver Ltd
GQRE,Flexshares Global Quality Real Estate
GREK,G-X FTSE Greece 20 ETF
GRES,IQ Global Resources ETF
GRF,Eagle Capital Growth Fund
GRI,Global Realty Majors Cohen & Steers ETF
GRMY,Xtrackers Germany Equity ETF
GRN,Global Carbon ETN Ipath
GRNB,Green Bond Vaneck ETF
GRU,MLCX Grains Index TR ETN Elements
GRWN,Softs Pure Beta ETN Ipath
GSAT,Globalstar
GSB,Globalscape
GSC,GS Connect S&P GSCI Enh Commodity TR ETN
GSD,Wisdomtree Global Smallcap Divd Fund
GSEU,GS Activebeta Europe Equity ETF
GSEW,Equal Weight U.S. Large Cap Equity ETF Goldman S
GSG,S&P GSCI Commodity-Indexed Ishares
GSIE,GS Activebeta International ETF
GSJY,GS Activebeta Japan Equity ETF
GSLC,GS Activebeta US Largecap ETF
GSP,S&P GSCI Total Return ETN Ipath
GSS,Golden Star Resources Ltd
GSSC,GS Activebeta U.S. Small Cap Equity ETF
GST,Gastar Exploration
GST-A,Gastar Exploration 8.625% Serie
GST-B,Gastar Exploration USA Inc Pfd
GSV,Gold Standard Ventures Corp
GSY,Guggenheim Enhanced Short Duration ETF
GTE,Gran Tierra Energy Inc
GTO,Guggenheim Total Return Bond ETF
GUDB,Sage ESG Intermediate Credit ETF
GUNR,Mstar Global Upstream Natural Resources ETF
GURU,G-X Guru Index ETF
GUSH,Direxion S&P Oil & Gas Expl Bull 3X
GV,Goldfield Corp
GVAL,Cambria Global Value ETF
GVI,Interm Govt/Credit Bond Ishares
GVIP,GS Hedge Industry Vip ETF
GVP,GSE Systems
GWL,S&P World Ex-US SPDR
GWX,S&P Smallcap Intl SPDR
GXC,S&P China SPDR
GXF,G-X FTSE Nordic Region ETF
GXG,G-X FTSE Colombia 20 ETF
GYEN,Advisorshares Gartman Gold/Yen
GYLD,Arrow DJ Global Yield ETF
HACK,Purefunds ISE Cyber Security ETF
HACV,Ishares Min Vol Global Currency ETF
HACW,Ishares ACWI Currency Hedged
HAHA,CSOP China CSI 300 A-H Dynamic
HAO,China Smallcap Guggenheim
HAP,Rve Hard Assets Producers Vaneck ETF
HAUD,Ishares Australia Currency Hedged
HAWX,Ishares ACWI Ex-US Currency Hedged
HCA.U,Hennessy Capital Acquisition Corp. III
HCA.W,Hennessy Capital Acquisition Corp. III Warrants
HCAC,Hennessy Capital Acquisition Corp. III
HCOR,Hartford Corporate Bond ETF
HCRF,Ishares Healthcare Multifactor
HDAW,Db-Xt MSCI All World Ex-US Div Yld Hgd Eq
HDEE,Db-Xt MSCI Emkts High Div Yld Hgd Eq
HDEF,Db-Xt MSCI EAFE High Div Yld Hgd Eq
HDEZ,Db-Xt MSCI Eurozone High Div Yld
HDG,Hedge Replication Proshares
HDGE,Active Bear ETF
HDLV,Etracs Mt Pay 2X US Hi Div Low Vol ETN
HDMV,Horizon Vol Dev Intl ETF FT
HDRW,Wisdomtree Global Ex-US Hedged Real Estate Fund
HDV,Core High Dividend ETF Ishares
HEB,Hemispherx Biopharma
HECO,Ecological Strategy ETF
HEDJ,Intl Hedged Equity Wisdomtree
HEEM,Ishares EM Currency Hedged
HEFA,MSCI EAFE Ishares Currency Hedged
HEFV,Ishares Min Vol EAFE Currency Hedged
HEMV,Ishares Min Vol EM Currency Hedged
HEUS,Ishares Europe Smallcap Currency Hedged
HEUV,Ishares Min Vol Europe Currency Hedged
HEVY,Ipath Pure Beta Industrial Metals
HEWC,Ishares Canada Currency Hedged
HEWI,Ishares Italy Currency Hedged
HEWJ,MSCI Japan Ishares Currency Hedged
HEWL,Ishares Switzerland Currency Hedged
HEWP,Ishares Spain Currency Hedged
HEWU,Ishares UK Currency Hedged
HEWW,Ishares Mexico Currency Hedged
HEWY,Ishares South Korea Currency Hedged
HEZU,Ishares Eurozone Currency Hedged
HFXE,IQ 50% Hedged FTSE Europe
HFXI,IQ 50% Hedged FTSE International
HFXJ,IQ 50% Hedged FTSE Japan
HGI,Intl Multi-Asset Inc Guggenheim
HGSD,Wisdomtree Global Smallcap Hedged Fund
HHYX,Ishares Intl High Yld Currency Hedged
HILO,Low Vol EM Dividend ETF Egshares
HIPS,Master Income ETF
HJPX,Ishares Jpx-Nikkei 400 Currency Hedged
HLM.P,Hillman Gr Cap 11.6
HLTH,Nobilis Health Corp
HMG,Hmg/Courtland Properties
HNW,Pioneer Diversified High Income Trust
HOLD,Advisorshares Sage Core Reserve
HOML,Etracs Mt Reset 2X ISE Exc Homebuilders ETN
HQBD,Hartford Quality Bonds ETF
HSCZ,Ishares EAFE Smallcap Currency Hedged
HSPX,Horizons S&P 500 Covered Call
HTM,U.S. Geothermal Inc
HTRB,Hartford Total Return Bond ETF
HTUS,Hull Tactical US ETF
HUSA,Houston American Energy Corp
HUSE,US Equity Rotation Strategy ETF
HUSV,Horizon Vol Domestic ETF FT
HYD,High Yld Muni ETF Vaneck
HYDB,Ishares Edge High Yield Defensive Bond ETF
HYDD,Direxion High Yield Bear 2X
HYEM,Emrg Mkts High Yield Bd ETF Vaneck
HYG,Iboxx $ High Yield Corporate Bd Ishares
HYGH,Interest Rate Hedged Hi Yld Ishares
HYHG,High Yld Interest Rate Proshares
HYIH,Db-Xt HY Corp Bd Intr Rt Hdg
HYLB,D-X USD Hi Yld Corp Bond ETF
HYLD,Peritus High Yield ETF
HYLV,Indexiq S&P High Yld Low Vol ETF
HYMB,S&P Hi Yld Muni Bond SPDR
HYS,0-5 Year Hi Yld Corp Bond Idx ETF Pimco
HYXU,Global Ex-US High Yield Corp Bond Fund Ishares
IAF,Aberdeen Australia Equity Fund Inc
IAGG,Ishares Intl Aggregate Bond Fund
IAI,DJ US Broker-Dealers Ishares
IAK,DJ US Insurance Ishares
IAT,DJ US Regional Banks Ishares
IAU,Gold Trust Ishares ETF
IBCC,2018 Investment Grade Ishares
IBCD,2020 Investment Grade Ishares
IBCE,2023 Investment Grade Ishares
IBD,Inspire Corporate Bond Impact ETF
IBDB,Ishares Mar 2018 Term Corp ETF
IBDC,Ishares Mar 2020 Term Corp ETF
IBDD,Ishares Mar 2023 Term Corp ETF
IBDH,Ishares Dec 2018 Term Corp ETF
IBDJ,Ishares Dec 2017 Term Corp ETF
IBDK,Ishares Dec 2019 Term Corp ETF
IBDL,Ishares Dec 2020 Term Corp ETF
IBDM,Ishares Dec 2021 Term Corp ETF
IBDN,Ishares Dec 2022 Term Corp ETF
IBDO,Ishares Dec 2023 Term Corp ETF
IBDP,Ishares Dec 2024 Term Corp ETF
IBDQ,Ishares Dec 2025 Term Corp ETF
IBDR,Ishares Dec 2026 Term Corp ETF
IBDS,Ishares Ibonds Dec 2027 Term Corporate ETF
IBIO,Ibio Inc
IBLN,Direxion Ibillionaire Index ETF
IBMG,2018 S&P Amt-Free Municipal Ishares
IBMH,2019 Amt-Free Muni Term Ishares
IBMI,Ishares Sep 2020 Term Muni Bond ETF
IBMJ,Ishares Dec 2021 Term Muni Bond ETF
IBMK,Ishares Dec 2022 Term Muni Bond ETF
IBML,Ishares Dec 2023 Term Muni Bond ETF
IBND,Intl Corp Bond ETF SPDR
IBO,Ibo Common Stock
ICAN,Serenityshares Impact ETF
ICF,Reality Majors Cohen & Steers Ishares
ICI,Optimized Currency Carry ETN Ipath
ICOL,Colombia Capped Ishares ETF
ICOW,Pacer Developed Markets International Cash Cows
ICSH,Liquidity Income Ishares ETF
ICVT,Ishares Convertible Bond ETF
IDEV,Ishares Core MSCI Intl Devd Market ETF
IDHD,S&P Intl Dev Hi Div Low Vol Port PS
IDHQ,S&P Intl Dev High Qlty Powershares
IDLV,S&P Intl Dev Low Volatility Powershares
IDMO,S&P Intl Dev Momentum Portfolio PS
IDN,Intellicheck Mobilisia
IDOG,Alps International Sector Dividend
IDU,DOW Utilities Ishares
IDV,DJ Intl Select Div Idx Ishares
IDX,Indonesia Index ETF Vaneck
IEC,IEC Electronics
IEFA,Core MSCI EAFE Ishares
IEMG,Core MSCI Emerging Mkts Ishares
IEO,DJ US Oil & Gas Ex Index Ishares
IEUR,Core Europe Ishares
IEV,Europe 350 Ishares
IEZ,DJ US Oil Equipment Index Ishares
IF,Aberdeen Indonesia Fund
IFIX,DB-X Barclays Inter Corp Bh ETF
IFLY,Purefunds Drone Economy Strategy ETF
IGC,India Globalization Capital Inc
IGE,S&P Natural Resources North Amer Ishares
IGEB,Ishares Edge Investment Grade Enhanced Bond ETF
IGEM,EM Inv Grade + Bb Rated USD Sb Vaneck ETF
IGHG,Invest Grade Interest Rate Proshares
IGIH,Db-Xt Invt Grd Bd Intr Rt Hdg
IGM,S&P Technology North Amer Ishares
IGN,S&P Tech-Multimedia Ntwk North Amer Ishares
IGRO,Ishares Intl Dividend Growth ETF
IGV,S&P Tech-Software North Amer Ishares
IGVT,DB-X Barclays Inter Treas Bh ETF
IGZ,Igz [Listing Market NYSE Arca N
IHDG,Wisdomtree Intl Hedged Fund
IHE,DJ US Pharmaceuticals Ishares
IHF,DJ US Healthcare Provider Ishares
IHI,DJ US Medical Devices Ishares
IHT,Innsuites Hospitality Trust
IHY,Intl High Yield Bond ETF Vaneck
IJH,S&P Midcap 400 Ishares
IJJ,S&P Midcap 400 Value Ishares
IJK,S&P Midcap 400 Growth Ishares
IJR,S&P Smallcap 600 Index Ishares
IJS,S&P Smallcap 600 Value Ishares
ILF,Latin America 40 Ishares
ILTB,10+ Year Government/Credit Bond Ishares
IMH,Impac Mortgage Holdings
IMLP,Ipath S&P MLP ETN
IMO,Imperial Oil Ltd
IMOM,Intl Quantitative Momentum ETF
IMTB,Ishares Core 5 10 Year USD Bond ETF
IMTM,Ishares Intl Momentum Factor ETF
IMU.W,Immunocellular Therapeutics Warrant
IMUC,Immunocellular Thera
INCO,India Consumer Egshares
INDA,India Index MSCI Ishares
INDF,Ishares Industrials Multifactor
INDL,India Bull 3X Direxion
INFU,Infusystems Holdings
INKM,SSGA Income Allocation ETF SPDR
INP,India Index ETN MSCI Ipath
INR,INR/USD ETN Vaneck
INS,Intelligent Systems Corp
INTF,Ishares Intl Multifactor ETF
INTT,Intest Corp
INUV,Inuvo Inc
INXX,India Infrastructure Egshares
IOIL,IQ Global Oil Smallcap ETF
IOO,S&P Global 100 Ishares
IOR,Income Opportunity Realty Trust
IPAC,Pacific Core Ishares
IPAY,Purefunds ISE Mobile Payments ETF
IPB,Merrill Lynch & Co
IPE,TIPS Barclays ETF SPDR
IPFF,S&P Intl Preferred Stock Ishares
IPO,Renaissance IPO ETF
IPOS,Renaissance Capital Greenwich Fund
IQDE,Flexshares Intl Quality Div Def Fund
IQDF,Flexshares Intl Quality Div Fund
IQDG,Wisdomtree Intl Quality Divd Growth Fund
IQDY,Flexshares Intl Quality Div Dyn Fund
IQLT,Ishares Intl Quality Factor ETF
ISCF,Ishares Intl Smallcap Multifactor ETF
ISDR,Issuer Direct Corp
ISL,Aberdeen Israel Fund
ISMD,Inspire Small/Mid Cap Impact ETF
ISR,Isoray Inc
ISRA,Israel Vaneck ETF
ISZE,Ishares Intl Size Factor ETF
ITA,DJ US Aerospace & Defense Ishares
ITB,DJ US Home Construction Ishares
ITE,Interm-Term Treasury ETF SPDR
ITEQ,Bluestar Ta-Bigtech Israel Technology ETF
ITM,Interm Muni ETF Vaneck
ITOT,S&P 1500 Ishares
ITR,Interm-Term Corp Bond ETF SPDR
IVAL,Intl Quantitative Valueshares ETF
IVE,S&P 500 Value Ishares
IVLU,Ishares Intl Value Factor ETF
IVOG,S&P Midcap 400 Growth ETF Vanguard
IVOO,S&P Midcap 400 ETF Vanguard
IVOP,S&P 500 VIX Inv S/T Fut ETN II Ipath
IVOV,S&P Midcap 400 Value ETF Vanguard
IVV,S&P 500 Ishares
IVW,S&P 500 Growth Ishares
IWB,Russell 1000 Ishares
IWC,Russell Microcap Ishares
IWD,Russell 1000 Value Ishares
IWF,Russell 1000 Growth Ishares
IWL,Russell Top 200 Ishares
IWM,Russell 2000 Ishares
IWN,Russell 2000 Value Ishares
IWO,Russell 2000 Growth Ishares
IWP,Russell Midcap Growth Ishares
IWR,Russell Midcap Ishares
IWS,Russell Midcap Value Ishares
IWV,Russell 3000 Ishares
IWX,Russell Top 200 Value Ishares
IWY,Russell Top 200 Growth Ishares
IXC,S&P Global Energy Ishares
IXG,S&P Global Financials Ishares
IXJ,S&P Global Healthcare Ishares
IXN,S&P Global Technology Ishares
IXP,S&P Global Telecom Ishares
IYC,DJ US Consumer Services Ishares
IYE,DJ US Energy Ishares
IYF,DJ US Financial Sector Ishares
IYG,DJ US Financial Services Ishares
IYH,DJ US Healthcare Ishares
IYJ,DJ US Industrial Ishares
IYK,DJ US Consumer Goods Ishares
IYLD,Mstar Multi-Asset Income Index Ishares
IYM,DJ US Basic Materials Ishares
IYR,DJ US Real Estate Ishares
IYT,DOW Transportations Ishares
IYW,DJ US Technology Ishares
IYY,DJ US Index Ishares
IYZ,DJ US Telecom Ishares
JDST,Direxion Junior Gold Mine Bear 3X
JEM,GEMS Index ETN Ipath
JETS,US Global Jets ETF
JHDG,Wisdomtree Japan Divd Hedged Fund
JHMA,JH Materials Multifactor ETF
JHMC,JH Consumer Disc Multifactor ETF
JHMD,JH Developed Intl Multifactor ETF
JHME,JH Energy Multifactor ETF
JHMF,JH Financial Multifactor ETF
JHMH,JH Healthcare Multifactor ETF
JHMI,JH Industrials Multifactor ETF
JHML,JH Largecap Multifactor ETF
JHMM,JH Midcap Multifactor ETF
JHMS,JH Consumer Staples Multifactor ETF
JHMT,JH Technology Multifactor ETF
JHMU,JH Utilities Multifactor ETF
JJA,DJ-UBS Agriculture TR Sub-Idx ETN Ipath
JJC,DJ-UBS Copper TR Sub-Idx ETN Ipath
JJE,DJ-UBS Energy TR Sub-Idx ETN Ipath
JJG,DJ-UBS Grains TR Sub-Idx ETN Ipath
JJM,DJ-UBS Ind Metals TR Sub-Idx ETN Ipath
JJN,DJ-UBS Nickel TR Sub-Idx ETN Ipath
JJP,DJ-UBS Prec Metals TR Sub-Idx ETN Ipath
JJS,DJ-UBS Softs TR Sub-Idx ETN Ipath
JJT,DJ-UBS Tin TR Sub-Idx ETN Ipath
JJU,DJ-UBS Aluminum TR Sub-Idx ETN Ipath
JKD,Mstar Large Core Index Ishares
JKE,Mstar Large Growth Index Ishares
JKF,Mstar Large Value Index Ishares
JKG,Mstar Mid Core Index Ishares
JKH,Mstar Mid Growth Index Ishares
JKJ,Mstar Small Core Index Ishares
JKK,Mstar Small Growth Index Ishares
JKL,Mstar Small Value Index Ishares
JNK,High Yield Bond ETF SPDR
JNUG,Direxion Junior Gold Mine Bull 3X
JO,DJ-UBS Coffee TR Sub-Idx ETN Ipath
JOB,General Employment Enterprises
JPEH,JPM Dvsd Rtns Europe Currency Hedged
JPEM,JPM Dvsd Rtns EM ETF
JPEU,JPM Dvsd Rtns Europe Equity ETF
JPGB,JPM Global Bond Opportunities ETF
JPGE,JPM Dvsd Rtns Global Equity
JPHF,JPM Dvsd Alternatives ETF
JPHY,JPM Disp Hi Yld ETF
JPIH,JPM Dvsd Rtns Intl Currency Hedged
JPIN,JPM Dvsd Rtns Intl Equity ETF
JPME,JPM Dvsd Rtns US Midcap ETF
JPMV,Japan Minimum Vola Ishares ETF
JPN,Db-Xt Jpn Jpx Nikkei 400 Eq
JPNL,Direxion Japan Bull 3X
JPSE,JPM Dvsd Rtns US Smallcap Equity ETF
JPST,J.P. Morgan Exchange-Traded Fund Trust
JPUS,JPM Dvsd Rtns US Equity ETF
JPXN,Ishares Jpx-Nikkei 400 ETF
JRJR,Cvsl Inc
JXI,S&P Global Utilities Ishares
JYN,JPY/USD Exchange Rate ETN Ipath
KBA,Kranes Bosera MSCI China A
KBE,S&P Bank ETF SPDR
KCE,S&P Capital Markets ETF SPDR
KCNY,Kranes E Fund China Comm Paper ETF
KEMP,Kranes FTSE EM ETF
KEMQ,Kraneshares Emerging Markets Consumer Technology
KFYP,Kranes New China ETF
KGRN,Kraneshares MSCI China Environment Index ETF
KIE,S&P Insurance ETF SPDR
KIQ,Kelso Technologies I
KLDW,Exchange Listed Funds Trust Gav
KLDX,Klondex Mines Ltd
KNOW,All Cap Insider Sentiment Direxion
KOL,Coal ETF Vaneck
KOLD,Ultrashort Natural Gas Proshares
KOR,Advisorshares Kim Korea Equity ETF
KORU,Direxion South Korea Bull 3X
KRE,S&P Regional Banking ETF SPDR
KROO,IQ Australia Smallcap ETF
KSA,Ishares Saudi Arabia Capped ETF
KXI,S&P Global Cons Staples Ishares
LABD,Direxion S&P Biotech Bear 3X
LABU,Direxion S&P Biotech Bull 3X
LAQ,Latin America Equity Fund
LARE,Tierra XP Latin America Real Estate
LBDC,Etracs Mt Pay 2X Levd Wells Bdc ETN Series B
LBJ,Latin America Bull 3X Direxion
LBY,Libbey Inc
LD,Ipath Lead Subindex TR ETN
LDUR,Pimco Low Duration ETF
LEAD,Reality Divcon Leaders Dividend ETF
LEDD,Lead Pure Beta ETN Ipath
LEMB,Emrg Mkts Local Cur Bond Ishares
LEU,Centrus Energy Corp
LFEQ,Vaneck Vectors Ndr Cmg Long/Flat Allocation ETF
LGL,LGL Group
LGL.P,LGL Group Inc
LGLV,SSGA US Large Cap Low Vol Index SPDR
LIQT,Liqtech International Inc
LIT,G-X Lithium ETF
LLEX,Lilis Energy Inc
LLQD,Ishares 10 Year Investment Grade Corporate Bond
LLSC,Direxion Smallcap 1.25X
LLSP,Direxion S&P 500 Bull 1.25X
LMLP,Etracs Mt Pay 2X MLP Ex-Energy ETN
LNG,Cheniere Energy
LODE,Comstock Mining Inc
LOGO,Global X Iconic U.S. Brands ETF
LOV,Spark Networks Plc
LOWC,ACWI Low Carbon Target MSCI ETF SPDR
LQD,Iboxx $ Invest Grade Corp Bond Ishares
LQDH,Ishares Int-Rate Hedged Corp Bond
LRET,Etracs Mt Pay 2X MSCI US REIT Index ETN
LRGF,Ishares US Multifactor ETF
LSTK,Livestock Pure Beta Ipath ETN
LSVX,Velocity VIX Variable Long Short
LTL,Ultra Telecommunications Proshares
LTPZ,15+ Year US TIPS Index ETF Pimco
LTS,Ladenburg Thalmann Financial Inc
LTS-A,Ladenburg Thalmann Financial Se
LVHB,Elkhorn Lunt Low Vol/High Beta Tactical ETF
LVHE,Legg EM Low Vol Hi Div ETF
LVHI,Legg Intl Low Vol High Div ETF
LVIN,Multifactor Low Volatility International Equity
LVL,S&P Global Divd Opps Guggenheim
LVUS,Multifactor Low Volatility US Equity ETF
LWC,Long-Term Corp Bond ETF SPDR
MAB,Eaton Vance Massachusetts Muni Bond
MAG,MAG Silver Corp
MAGA,Point Bridge Gop Stock Tracker ETF
MATF,Ishares Materials Multifactor
MATH,Meidell Tactical Advantage ETF
MBG,Mortgage Backed Bond ETF SPDR
MCF,Contango Oil & Gas Company
MCRO,IQ Hedge Macro Tracker ETF
MDY,S&P Midcap 400 SPDR
MDYG,S&P Midcap Growth ETF SPDR
MDYV,S&P Midcap Value ETF SPDR
MEAR,Ishares Short Maturity Municipal ETF
MENU,Uscf Restaurant Leaders Fund
MEXX,Direxion Daily MSCI Mexico Bull 3X Shares
MFDX,Pimco RAFI Dynamic Multi-Factor Internation
MFEM,Pimco RAFI Dynamic Multi-Factor Emerging Ma
MFLA,Ipath Long Enhanced MSCI EAFE Index ETN
MFUS,Pimco RAFI Dynamic Multi-Factor U.S. Equity
MGC,Megacap 300 Index ETF Vanguard
MGK,Megacap 300 Growth Index ETF Vanguard
MGV,Megacap 300 Value Index ETF Vanguard
MHE,Massachusetts Health and Education Tax-Exempt TR
MHH,Mastech Holdings Inc
MICR,Micron Solutions Inc
MIDU,Direxion Mid Cap Bull 3X
MIDZ,Midcap Bear 3X Direxion
MINC,Advisorshares Newfleet Multi-Se
MINT,Enhanced Short-Maturity Strgy ETF Pimco
MIW,Eaton Vance Michigan Muni Bond Fund
MJCO,Majesco
MLN,Long Municipal Index ETF Vaneck
MLPA,G-X MLP ETF
MLPB,Etracs Alerian MLP Infrastruc ETN
MLPC,C-Tracks MLP Miller/Howard Perf Fundamental
MLPE,C-Tracks MLP Miller/Howard Fundamental Series B
MLPG,Alerian Natural Gas MLP ETN UBS E-Tracs
MLPI,Alerian MLP Infrastrctr ETN UBS E-Tracs
MLPO,CS S&P MLP Index ETN
MLPQ,Etracs Mt 2X Alerian MLP Infra ETN Series B
MLPS,Alerian MLP Short Infr ETN UBS E-Tracs
MLPX,G-X MLP & Energy Infrasture ETF
MLPY,Cushing MLP Hi Income ETN Morgan Stanley
MLPZ,Etracs Mt 2X S&P MLP ETN Series B
MLQD,Ishares 5-10 Year Investment Grade Corporate Bon
MLSS,Milestone Scientific
MLTI,CS X-Links Multi-Asset High Income ETN
MMIN,IQ Mackay Shields Municipal Insured ETF ETF
MMIT,IQ Mackay Shields Municipal Intermediate ETF
MMTM,S&P 1500 Momentum Tilt ETF SPDR
MMV,Eaton Vance Massachusetts Muni Income Trust
MNA,IQ Merger Arbitrage ETF
MNI,Mcclatchy Company
MOAT,Wide Moat Vaneck ETF
MOC,Command Security Corp
MOM,US Momentum Mkt Neutral ETF Quantshares
MOO,Agribusiness ETF Vaneck
MORL,Etracs Mt Pay 2X Mortgage REIT ETN
MORT,Mortgage REIT Vaneck ETF
MOTI,Morningstar Intl Moat Vaneck ETF
MRGR,Merger ETF Proshares
MRRL,Etracs Mt Pay 2X Mortgage REIT ETN Series B
MSN,Emerson Radio Corp
MTNB,Matinas Biopharma Hl
MTUM,USA Momentum Factor Ishares ETF
MUB,S&P National Amt-Free Muni Bd Ishares
MUNI,Interm Muni Bond Strgy ETF Pimco
MVF,Munivest Fund
MVIN,Natixis Seeyond Intl Min Vol ETF
MVV,Ultra Midcap 400 Proshares
MXC,Mexco Energy Corp
MXDU,Nationwide Max Diverse U.S. Core Equity ETF
MXI,S&P Global Materials Ishares
MYO,Myomo Inc
MYY,Midcap 400 Short Proshares
MZA,Muniyield Arizona Fund
MZZ,Ultrashort Midcap400 Proshares
NAIL,Direxion Homebuild & Suppliers Bull 3X
NAK,Northern Dynasty Minerals
NANR,S&P North American Natural SPDR
NASH,Nashville Area ETF
NAVB,Navidea Biopharmaceuticals Inc
NBH,Neuberger Berman Intermediate Fund Inc
NBO,Neuberger Berman New York Intermediate Fund Inc
NBW,Neuberger Berman California Intermediate Fund In
NBY,Novabay Pharmaceuticals
NEAR,Maturity Bond Short Ishares
NEN,New England Realty Associates Limited Partnershi
NES,Nuverra Environmental Solutions
NFLT,Virtus Multi-Sector Uncstd Bond
NFO,Insider Sentiment Guggenheim
NFRA,Flexshares Global Broad Infr Fund
NG,Novagold Resources Inc
NGD,New Gold Inc
NGE,G-X Nigeria Index ETF
NHC,National Healthcare Corp
NHS,Neuberger Berman High Yield Strategies
NIB,DJ-UBS Cocoa TR Sub-Idx ETN Ipath
NINI,Nickel Pure Beta ETN Ipath
NLR,Uranium+Nuclear Energy Vaneck ETF
NML,Neuberger Berman MLP Income Fun
NNVC,Nanoviricides Inc
NOBL,S&P 500 Aristocrats Proshares
NOG,Northern Oil and Gas
NORW,G-X Norway ETF
NRO,Neuberger Berman Real Estate Securities
NSP.W,Inspiremd Inc. Warrant
NSP.X,Inspiremd Inc. Series B Warrants
NSPR,Inspiremd Inc
NSU,Nevsun Resources Ltd
NTIP,Network-1 Sec Solu
NTN,Ntn Buzztime
NUAG,Nushares US Aggregate Bond ETF
NUBD,Nushares ESG U.S. Aggregate Bond ETF
NUDM,Nushares ESG Intl Developed Markets Equity ETF
NUEM,Nushares ESG Emerging Markets Equity ETF
NUGT,Gold Miners Bull 3X Direxion ETF
NULG,Nushares ESG Largecap Growth ETF
NULV,Nushares ESG Largecap Value ETF
NUMG,Nushares ESG Midcap Growth ETF
NUMV,Nushares ESG Midcap Value ETF
NURE,Nushares Short-Term REIT ETF
NUSA,1-5 Year U.S. Aggregate Nushares
NUSC,Nushares ESG Smallcap ETF
NXE,Nexgen Energy Ltd
NYF,S&P NY Municipal Bond Ishares
NYH,Eaton Vance New York Muni Bond Fund II
OAPH,O's Asia Pacific Qlty Divd Hedged ETF
OASI,O's Asia Pacific Qlty Divd ETF
OBOR,Kraneshares MSCI One Belt One Road Index ETF
OCIO,ETF Series Solutions Trust ETF
OCX,Oncocyte Corp
OEF,S&P 100 Ishares
OEUH,O's Europe Qlty Divd Hedged ETF
OEUR,O's Europe Qlty Divd ETF
OEW,Guggenheim ETF Trust ETF
OGCP,Empire State Realty Op LP Se
OGEN,Oragenics Inc
OIH,Oil Services Vaneck ETF
OIIL,CS X-Links WTI Crude Oil Index ETN
OIL,S&P GSCI Crude Oil TR ETN Ipath
OILB,S&P GSCI Crude Oil TR Ipath B ETN
OILD,Ultrapro Short Crude Oil Proshares
OILK,Crude Oil Strategy Proshares
OILU,Ultrapro Crude Oil Proshares
OILX,Etracs S&P GSCI Crude Oil TR ETN
OLEM,Crude Oil Pure Beta ETN Ipath
OLO,DB Crude Oil ETN Powershares
ONEK,Russell 1000 ETF SPDR
ONEO,Russell 1000 Momentum Focus ETF SPDR
ONEV,Russell 1000 Low Vol ETF SPDR
ONEY,Russell 1000 Yield Focus ETF SPDR
ONG,Energy Pure Beta ETN Ipath
ONP,Orient Paper
ONTL,O's Russell Intl Qlty Divd ETF
OPD,Guggenheim Large Cap Optmzd ETF
ORM,Owens Realty Mortgage Inc
OUNZ,Gold Shares Vaneck
OUSA,O's U.S. Qlty Divd ETF
OUSM,O's Russell Smallcap Qlty Divd ETF
OVLC,Guggenheim US Largecap Optimized ETF
PAF,FTSE RAFI Asia Pacific Ex-Jp Powershares
PAK,G-X MSCI Pakistan ETF
PALL,Physical Palladium
PARR,Par Petroleum Corp
PAVE,G-X US Infr Development ETF
PBD,Global Clean Energy Powershares
PBDM,PS FTSE Developed Ex-North America Portfolio
PBE,Dynamic Biotech & Genome Powershares
PBEE,PS FTSE Emerging Markets Portfolio
PBJ,Dynamic Food & Beverage Powershares
PBND,Powershares Exchange-Traded Fund Trust II
PBP,S&P 500 Buywrite Powershares
PBS,Dynamic Media Powershares
PBSM,PS MSCI USA Small Cap Portfolio
PBTP,PS 0-5 Yr US TIPS Portfolio
PBUS,PS MSCI USA Portfolio
PBW,Wilderhill Clean Energy Powershares
PCEF,CEF Income Composite Powershares
PCG-A,Pacific Gas El 6.00
PCG-B,Pacific Gas El 5.50
PCG-C,Pacific Gas El 5.00
PCG-D,Pacific Gas El 5.00
PCG-E,Pacific Gas El 5.00
PCG-G,Pacific Gas El 4.80
PCG-H,Pacific Gas El 4.50
PCG-I,Pacific Gas El 4.36
PCY,Emrg Mkts Sovereign Debt Powershares
PDN,FTSE RAFI Dev Mkts Ex-US S/M Powershares
PED,Pedevco Corp.
PEJ,Dynamic Leisure & Entertain Powershares
PEK,China ETF Vaneck
PEX,Global Listed Private Proshares
PFFD,Global X U.S. Preferred ETF
PFFR,Infracap REIT Preferred ETF
PFIG,Fundamental Inv Gr Corp Bond Powershares
PFNX,Pfenex Inc
PFXF,Preferred Securities Vaneck ETF
PGAL,G-X FTSE Portugal 20 ETF
PGD,Asian & Gulf Currency Reval ETN Ipath
PGF,Financial Preferred Powershares
PGHY,Global Short Term Hi Yld PS
PGM,DJ-UBS Platinum TR Sub-Idx ETN Ipath
PGX,Preferred Portfolio Powershares
PHB,Fundamental High Yld Corp Bond Powershares
PHDG,S&P 500 Downside Hedged PS
PHYS,Sprott Physical Gold Trust
PICB,Intl Corporate Bond Powershares
PICK,Global Sel Metals & Mining Prd MSCI Ishares
PIN,India Powershares
PJP,Dynamic Pharmaceuticals Powershares
PKB,Dynamic Building & Construct Powershares
PLG,Platinum Group Metals Ltd
PLM,Polymet Mining
PLND,Poland Vaneck ETF
PLX,Protalix Biotherapeutics
PLY-A,Plymouth Industrial REIT Inc Cum Red Pfd Ser A
PLYM,Plymouth Industrial REIT Inc
PMR,Dynamic Retail Powershares
PPA,Aerospace & Defense Powershares
PPLN,Cushing 30 MLP Index Etns Due June 15 2037
PPLT,Physical Platinum
PRB,Pre-Refunded Muni ETF Vaneck
PREF,Principal Spectrum Preferred Securities Active E
PRF,FTSE RAFI US 1000 Powershares
PRK,Park National Corp
PRME,Heitman Global Prime Real Estate ETF FT
PRNT,3D Printing ETF
PSI,Dynamic Semiconductors Powershares
PSJ,Dynamic Software Powershares
PSK,Wells Fargo Preferred Stock SPDR
PSLV,Sprott Physical Silver Trust ETV
PSMB,Balanced Multi-Asset Allocation PS
PSMC,Conservative Multi-Asset Allocation PS
PSMG,Growth Multi-Asset Allocation Portfolio PS
PSMM,Moderately Conservative Multi-Asset PS
PSP,Global Listed Private Eq Powershares
PSQ,QQQ Short Proshares
PSR,Active US Real Estate Powershares
PST,Ultrashort 7-10 Year Treasury Proshares
PTEU,Pacer Trendpilot European Index ETF
PTLC,Pacer Trendpilot 750 ETF
PTM,Long Platinum TR ETN UBS E-Tracs
PTMC,Pacer Trendpilot 450 ETF
PTN,Palatin Technologies
PTNQ,Pacer Trendpilot 100 ETF
PUTW,Wisdomtree CBOE S&P 500 Put Write
PUW,Wilderhill Progressive Energy Powershares
PVI,Vrdo Tax-Free Weekly Powershares
PW,Pittsburgh & West Virginia Railroad
PW-A,Power REIT 7.75% Series A Cumul
PWB,Dynamic Largecap Growth Powershares
PWC,Dynamic Market Powershares
PWV,Dynamic Largecap Value Powershares
PWZ,Insured Cali Muni Bond Powershares
PXE,Dynamic Energy Explor & Prod Powershares
PXF,FTSE RAFI Dev Mkts Ex-US Powershares
PXH,FTSE RAFI Emrg Mkts Powershares
PXJ,Dynamic Oil & Gas Services Powershares
PXLG,Fundamental Pure Large Grow Powershares
PXLV,Fundamental Pure Large Value Powershares
PXMG,Fundamental Pure Mid Growth Powershares
PXMV,Fundamental Pure Mid Value Powershares
PXQ,Dynamic Networking Powershares
PXR,Emrg Mkts Infrastructure Powershares
PXSG,Fundamental Pure Small Grow Powershares
PXSV,Fundamental Pure Small Value Powershares
PZA,Insured National Muni Bond Powershares
PZD,Cleantech Powershares
PZG,Paramount Gold and Silver
PZI,Zacks Micro Cap Powershares
PZT,Insured NY Muni Bond Powershares
QAI,IQ Hedge Multi-Strategy Tracker ETF
QCAN,Canada Quality Mix Ishares ETF
QDEF,Flexshares Quality Div Def Fund
QDEU,Germany Quality Mix Ishares ETF
QDF,Flexshares Quality Div Fund
QDYN,Flexshares Quality Div Dyn Fund
QED,IQ Hedge Event-Driven Tracker ETF
QEFA,EAFE Qlty Mix MSCI ETF SPDR
QEMM,EM Strategicfactors MSCI ETF SPDR
QGBR,UK Quality Mix Ishares ETF
QGTA,IQ Leaders Gtaa Tracker ETF
QID,Ultrashort QQQ Proshares
QJPN,Japan Quality Mix Ishares ETF
QLD,Ultra QQQ Proshares
QLS,IQ Hedge Long Short Tracker ETF
QLTA,AAA - A Rated Corporate Bond Ishares
QMN,IQ Hedge Market Neutral Tracker ETF
QMOM,Quantitative Momentum ETF
QQQE,Nasdaq 100 EW Index Direxion
QUAL,USA Quality Factor Ishares ETF
QUS,USA Qlty Mix MSCI ETF SPDR
QVAL,US Quantitative Valueshares ETF
QVM,Arrow Qvm Equity Factor ETF
QWLD,World Qlty Mix MSCI ETF SPDR
QXGG,Quantx Risk Managed Growth ETF ETF
QXMI,Quantx Risk Managed Multi-Asset Income ETF
QXRR,Quantx Risk Managed Real Return ETF
QXTR,Quantx Risk Managed Multi-Asset Total Return ETF
RALS,RAFI Long/Short Proshares
RAVI,Flexshares Ready Access Variable Income
RBIN,Nationwide Risk-Based International Equity ETF
RBUS,Nationwide Risk-Based U.S. Equity ETF
RCD,S&P 500 Cons Disc EW Guggenheim
RCG,Renaissance Capital Growth & Income Fund III
RCOM,Elkhorn Fundamental Commodity Strategy ETF
RDIV,Ultra Dividend Revenue ETF Oppenheimer
REED,Reeds Inc
REEM,Oppenheimer Revenue Weighted ETF Trust ETF
REET,Ishares Global REIT ETF
REFA,Oppenheimer International Revenue ETF
REGL,S&P Midcap 400 Divd Proshares
REI,Ring Energy Inc
REK,Real Estate Short Proshares
REM,FTSE Nareit Mort Plus Cp Idx Ishares
REML,X-Links Mthy Pay 2X Leveraged Mortgage REIT
REMX,Rare Earth/Strategic Metals Vaneck ETF
RETL,Retail Bull 3X Direxion
REW,Ultrashort Technology Proshares
REZ,Ishares Residential Real Estate ETF
RFCI,Riverfront Core Income Fund ETF
RFDA,Riverfront US Dividend Adv ETF
RFFC,Riverfront US Flex-Cap ETF
RFG,S&P Midcap 400 Pure Growth Guggenheim
RFUN,Riverfront Unconstrained Income ETF
RFV,S&P Midcap 400 Pure Value Guggenheim
RGI,S&P 500 Industrial EW Guggenheim
RGLB,Oppenheimer Global Revenue ETF
RHE,Regional Health Properties
RHE-A,Regional Health Properties 10.875% Series A
RHS,S&P 500 Cons Staples EW Guggenheim
RIF,Rmr Real Estate Income Fund
RIGS,Riverfront Strategic Income Fund ETF
RINF,30 Year Tips/Tsy Spread Proshares
RISE,Sit Rising Rate ETF
RJA,Rogers Agriculture ETN Elements
RJI,Rogers Commodity ETN Elements
RJN,Rogers Energy ETN Elements
RJZ,Rogers Metal ETN Elements
RLG-A,Radiant Logistics Inc 9.75% S
RLGT,Radiant Logistics
RLY,SSGA Multi-Asset Real Return ETF SPDR
RNN,Rexahn Pharmaceuticals
ROAM,Lattice EM Strategy ETF
RODI,Barclays Return On Disability E
RODM,Lattice Developed Markets Ex-US ETF
ROGS,Lattice Global Smallcap Strategy ETF
ROLA,Long Extd Russell 1000 TR ETN Ipath
ROM,Ultra Technology Proshares
ROOF,IQ US Real Estate Smallcap ETF
RORE,Lattice Real Estate Strategy ETF
ROUS,Lattice US Equity Strategy ETF
ROX,Castle Brands
RPG,S&P 500 Pure Growth Guggenheim
RPV,S&P 500 Pure Value Guggenheim
RSP,S&P 500 EW Guggenheim
RSX,Russia Vaneck ETF
RSXJ,Russia Smallcap Vaneck ETF
RTH,Retail ETF Vaneck
RTLA,Ipath Long Extended Russell 2000 TR
RTM,S&P 500 Materials EW Guggenheim
RUSL,Russia Bull 3X Direxion
RUSS,Russia Bear 3X Direxion
RVNU,Db-Xt Municipal Infrastructure ETF
RVP,Retractable Technologies
RVRS,Reverse Cap Weighted US Large Cap ETF
RWC,Relm Wireless Corp
RWJ,Smallcap Revenue ETF Oppenheimer
RWK,Midcap Revenue ETF Oppenheimer
RWL,Largecap Revenue ETF Oppenheimer
RWM,Russell 2000 Short Proshares
RWO,DJ Global Real Estate ETF SPDR
RWR,DJ REIT ETF SPDR
RWW,Financial Sector Revenue ETF Oppenheimer
RWX,DJ Intl Real Estate ETF SPDR
RXD,Ultrashort Health Care Proshares
RXI,S&P Global Cons Disc Ishares
RXL,Ultra Health Care Proshares
RYE,S&P 500 Energy Equal Weight Guggenheim
RYF,S&P 500 Financials EW Guggenheim
RYH,S&P 500 Healthcare EW Guggenheim
RYJ,Rj Sb-1 Equity Guggenheim ETF
RYT,S&P 500 Technology EW Guggenheim
RYU,S&P 500 Utilities EW Guggenheim
RZG,S&P Smallcap 600 Pure Growth Guggenheim
RZV,S&P Smallcap 600 Pure Value Guggenheim
SAA,Ultra Smallcap 600 Proshares
SACH,Sachem Capital Corp
SAGG,Total Bond Market Bear -1X Direxion
SAND,Sandstorm Gold Ltd
SBB,Smallcap 600 Short Proshares
SBIO,Alps Medical Breakthroughs ETF
SBM,Basic Materials Short Proshares
SBV,Ipath Pure Beta Broad Commodity
SCAP,Advisorshares Cornerstone Small
SCC,Ultrashort Consumer Services Proshares
SCE-B,South CA Edis 408 Pf
SCE-C,South CA Edis 424 Pf
SCE-D,South CA Edis 431 Pf
SCE-E,South CA Edis 478 Pf
SCHA,Schwab US Smallcap ETF
SCHB,Schwab US Broad Market ETF
SCHC,Schwab Intl Smallcap ETF
SCHD,Schwab US Dividend Equity ETF
SCHE,Schwab EM Mkts Equity ETF
SCHF,Schwab Intl Equity ETF
SCHG,Schwab US Largecap Growth ETF
SCHH,Schwab US REIT ETF
SCHK,Schwab 1000 Index ETF
SCHM,Schwab US Midcap ETF
SCHO,Schwab Short-Term US Trsy ETF
SCHP,Schwab US TIPS ETF
SCHR,Schwab Interm-Term US Treasury
SCHV,Schwab US Largecap Value ETF
SCHX,Schwab US Largecap ETF
SCHZ,Schwab US Aggregate Bond ETF
SCID,G-X Scientific Beta Europe ETF
SCIF,India Smallcap ETF Vaneck
SCIJ,G-X Scientific Beta Japan ETF
SCIN,India Smallcap Egshares
SCIU,G-X Scientific Beta US ETF
SCIX,G-X Scientific Beta Asia Ex-Jpn ETF
SCJ,Japan Smallcap MSCI Ishares
SCO,Ultrashort DJ-UBS Crude Oil Proshares
SCPB,Short-Term Corp Bond SPDR
SCTO,G-X JPM US Sector Rotator ETF
SDD,Ultrashort Smallcap 600 Proshares
SDEM,G-X Super Dividend EM ETF
SDIV,G-X Superdividend ETF
SDOG,Alps Sector Dividend Dogs ETF
SDOW,Ultrapro Short DOW 30 Proshares
SDP,Ultrashort Utilities Proshares
SDPI,Superior Drilling Products Inc
SDS,Ultrashort S&P 500 Proshares
SDY,S&P Dividend SPDR
SDYL,Etracs Mt Pay 2X S&P Div ETN
SEA,Shipping Guggenheim ETF
SEB,Seaboard Corp
SECT,Northern Lights IV Main Sector Rotation ETF
SEF,Financials Short Proshares
SENS,Senseonics Holdings
SFHY,Wisdomtree Short-Term Hi Yld Corp Bond Fundament
SFIG,Wisdomtree Short-Term Corp Bond Fundamental
SFLA,Long Extd S&P 500 TR ETN Ipath
SGA,Saga Communications
SGAR,Sugar Pure Beta ETN Ipath
SGB,Southwest Georgia Financial Corp
SGDJ,Alps ETF Trust Sprott Junior Gold
SGDM,Sprott Gold Miners ETF
SGG,DJ-UBS Sugar TR Sub-Idx ETN Ipath
SGOL,Physical Swiss Gold
SGY.W,Stone Energy Corp.
SH,S&P 500 Short Proshares
SHAG,Wisdomtree Yield Enhanced U.S. Short-Term Aggreg
SHE,SSGA Gender Diversity ETF SPDR
SHM,Short-Term Muni Bond ETF SPDR
SHNY,Direxion Silver Miners Bull 2X
SHYD,Short High-Yield Vaneck ETF
SHYG,0-5 Year Hi Yld Core Ishares
SIF,Sifco Industries
SIJ,Ultrashort Industrials Proshares
SIL,G-X Silver Miners ETF
SILJ,Purefunds ISE Junior Silver ETF
SIM,Grupo Simec S.A. De C.V.
SIVR,Physical Silver
SIZ,US Size Mkt Neutral ETF Quantshares
SIZE,USA Size Factor Ishares ETF
SJB,High Yld Short Proshares
SJNK,ST High Yield Bond ETF SPDR
SKF,Ultrashort Financials Proshares
SKY,Skyline Corp
SLV,Silver Trust Ishares
SLVP,Global Silver Miners MSCI Ishares
SLX,Steel Vaneck ETF
SLY,S&P Smallcap 600 SPDR
SLYG,S&P Smallcap Growth ETF SPDR
SLYV,S&P Smallcap Value ETF SPDR
SMB,Municipal Short Vaneck ETF
SMD,S&P 1000 ETF SPDR
SMDD,Ultrapro Short Midcap 400 Proshares
SMDV,Russell 2000 Divd Proshares
SMEZ,Euro Stoxx Smallcap ETF SPDR
SMH,Semiconductor Vaneck ETF
SMHD,Etracs Mt Pay 2X US Smallcap Hi Div ETN
SMIN,India Smallcap MSCI Ishares
SMLF,Ishares US Smallcap Multifactor ETF
SMLL,Direxion Smallcap Bull
SMLV,SSGA US Smallcap Low Vol Index SPDR
SMMD,Ishares Trust
SMMU,Short-Term Muni Bond Strgy ETF Pimco
SMMV,Ishares Min Vol USA Smallcap ETF
SMN,Ultrashort Basic Materials Proshares
SMTS,Sierra Metals Inc
SNMP,Sanchez Midstream Partners LP
SOIL,G-X Fertilizers/Potash ETF
SOVB,Cambria Sovereign High Yield Bo
SOXL,Semiconductor Bull 3X Direxion
SOXS,Semiconductor Bear 3X Direxion
SOYB,Teucrium Soybean
SPAB,SPDR Aggregate Bond Portfolio ETF
SPDN,Direxion S&P 500 Bear 1X
SPDW,SPDR World Ex-US Portfolio ETF
SPEM,SPDR Emerging Markets Portfolio ETF
SPFF,G-X Superincome Preferred ETF
SPHB,S&P 500 High Beta Powershares
SPHD,S&P 500 Hi Div Low Vol PS
SPHQ,S&P 500 High Qlty Powershares
SPIB,SPDR Intermediate Term Corporate Bond Portfolio
SPLB,SPDR Long Term Corporate Bond Portfolio ETF
SPLG,SPDR Large Cap Portfolio ETF
SPLV,S&P 500 Low Vol Powershares
SPLX,Etracs Mt Reset 2X S&P 500 TR ETN
SPMD,SPDR Mid Cap Portfolio ETF
SPMO,S&P 500 Momentum Portfolio PS
SPMV,Powershares S&P 500 Minimum Variance Portfolio
SPPP,Sprott Physical Platinum and Palladium
SPSB,SPDR Short Term Corporate Bond Portfolio ETF
SPSM,SPDR Small Cap Portfolio ETF
SPTL,SPDR Long Term Treasury Portfolio ETF
SPTM,SPDR Total Stock Market Portfolio ETF
SPTS,SPDR Short Term Treasury Portfolio ETF
SPUN,Global Spin-Off Vaneck
SPUU,Direxion S&P 500 Bull 2X
SPVM,S&P 500 Value Momentum Portfolio PS
SPVU,S&P 500 Value Portfolio PS
SPXE,S&P 500 Ex-Energy Proshares
SPXH,Velocity Vol Hedge
SPXL,Direxion S&P 500 Bull 3X
SPXN,S&P 500 Ex-Financials Proshares
SPXS,Direxion S&P 500 Bear 3X
SPXT,S&P 500 Ex-Technology Proshares
SPXU,Ultrapro Short S&P 500 Proshares
SPXV,S&P 500 Ex-Health Care Proshares
SPY,S&P 500 SPDR
SPYB,S&P 500 Buyback ETF SPDR
SPYD,SPDR S&P 500 High Dividend Portfolio ETF
SPYG,SPDR S&P 500 Growth Portfolio ETF
SPYV,SPDR S&P 500 Value Portfolio ETF
SPYX,S&P 500 Ex-Fossil Fuel ETF SPDR
SRCI,Src Energy Inc
SRLN,Blackstone Gso Senior Loan SPDR
SRS,Ultrashort Real Estate Proshares
SRTY,Ultrapro Short Russell 2000 Proshares
SSG,Ultrashort Semiconductors Proshares
SSN,Samson Oil & Gas Ltd
SSO,Ultra S&P 500 Proshares
SST,Short-Term Tresury Bond SPDR
SSY,Sunlink Health Systems
STIP,0-5 Year TIPS Bond Ishares
STOT,Short Duration TR Tactical ETF SPDR
STPZ,1-5 Year US TIPS Index ETF Pimco
STRP,Straight Path Communications In
SUB,S&P S/T National Muni Bond Ishares
SUSA,Ishares Trust
SVM,Silvercorp Metals Inc
SVT,Servotronics Inc
SVXY,VIX Short-Term Fut Short Proshares
SYE,MFS Core Equity ETF SPDR
SYG,MFS Growth Equity ETF SPDR
SYLD,Cambria Shareholder Yield ETF
SYN,Synthetic Biologics Inc
SYV,MFS Value Equity ETF SPDR
SZK,Ultrashort Consumer Goods Proshares
SZO,DB Crude Oil -1X ETN Powershares
TAGS,Teucrium Agricultural
TAIL,Cambria Tail Risk ETF
TAN,Solar ETF Guggenheim
TAO,China Real Estate Guggenheim
TAT,Transatlantic Petroleum Ltd
TAXR,U.S. Tax Reform Fund
TBF,20+ Year Short Treasury Proshares
TBLU,Managed Portfolio Series Tortoise Water Fund
TBT,Ultrashort 20+ Year Treasury Proshares
TBX,7-10 Year Short Treasury Proshares
TCHF,Ishares Technology Multifactor
TCTL,Premise Capital Frontier Advantage Dvsfd Tct ETF
TDTF,Iboxx 5Yr Target Dur TIPS ETF Flexshares
TDTT,Iboxx 3Yr Target Dur TIPS ETF Flexshares
TECL,Technology Bull 3X Direxion
TECS,Technology Bear 3X Direxion
TERM,Equitycompass Tactical Risk Manager ETF
TETF,Industry Exposure & Fin Srvs ETF
TEUM,Pareteum Corp
TFI,Muni Bond ETF SPDR
TFLO,Treasury Floating Rate Ishares
TGB,Taseko Mines Ltd
TGC,Tengasco Inc
THD,Thailand Index MSCI Ishares
THM,International Tower Hill Mines Ltd
THRK,Russell 3000 ETF SPDR
TIK,Tel-Instrument Electronics
TILT,Mstar US Mkt Factors Tilt ETF Flexshares
TIP,TIPS Bond Ishares
TIPX,Barclays 1-10 Year TIPS SPDR
TIPZ,Broad U.S. TIPS Index ETF Pimco
TIS,Orchids Paper Products Company
TKAT,Takung Art Co. Ltd
TLDH,Flexshares Dm Ex-US Factor Tilt Index Fund
TLEH,Flexshares EM Factor Tilt Index Fund
TLH,10-20 Year Treasury Bd Ishares
TLO,Long-Term Treasury ETF SPDR
TLTD,Flexshares Dev Mkt Ex-US Factor Tilt Index Fund
TLTE,Flexshares EM Factor Tilt Index Fund
TMF,20+ Year Trsy Bull 3X Direxion
TMP,Tompkinstrustco
TMQ,Trilogy Metals Inc
TMV,20+ Year Trsy Bear 3X Direxion
TNA,Smallcap Bull 3X Direxion
TOFR,Stock Split Index Fund ETF
TOK,Kokusai Index MSCI Ishares
TOLZ,DJ Brookfield Global Proshares
TOTL,Total Return Tactical ETF SPDR
TPHS,Trinity Pl Hldgs Inc
TPOR,Direxion Daily Transportation Bull 3X Shares
TPYP,Tortoise North Amer Pipeline Fund
TRSK,Velocity Tail Risk Hedged
TRT,Trio-Tech International
TRX,Tanzanian Royalty Exploration Corp
TRXC,Transenterix Inc
TTAC,Trimtabs Float Shrink ETF
TTAI,Trimtabs ETF Trust ETF
TTFS,Advisorshares Wilshire Buyback ETF
TTT,Ultrapro Short 20+ Year Trsy Proshares
TUZ,1-3 Year US Treasury Index ETF Pimco
TWM,Ultrashort Russell 2000 Proshares
TWOK,Russell 2000 ETF SPDR
TYBS,20+ Year Trsy Bear 1X Direxion
TYD,7-10 Year Treasury Bull 3X Direxion
TYNS,7-10 Year Treasury Bear -1X Direxion
TYO,7-10 Year Treasury Bear -3X Direxion
TZA,Smallcap Bear 3X Direxion
UAG,CMCI Agriculture TR ETN UBS E-Tracs
UAMY,U S Antimony Corp
UBC,CMCI Livestock TR ETN UBS E-Tracs
UBG,CMCI Gold TR ETN UBS E-Tracs
UBM,CMCI Industrial Metals TR ETN UBS E-Tracs
UBN,CMCI Energy TR ETN UBS E-Tracs
UBR,Ultra MSCI Brazil Proshares
UBRT,CS Axelatrader 3X Long Brent Crude Oil ETN
UBT,Ultra 20+ Year Treasury Proshares
UCC,Ultra Consumer Services Proshares
UCI,CMCI TR ETN UBS E-Tracs
UCIB,Etracs UBS Bberg Constant Maturity ETN
UCO,Ultra DJ-UBS Crude Oil Proshares
UDN,DB US Dollar Bearish Powershares
UDOW,Ultrapro DOW 30 Proshares
UEC,Uranium Energy
UEVM,Usaa MSCI EM Value Momentum Blend Index ETF
UFAB,Unique Fabricating Inc
UGA,US Gasoline
UGAZ,Natural Gas 3X Long ETN Velocityshares
UGE,Ultra Consumer Goods Proshares
UGL,Ultra Gold Proshares
UHN,US Heating Oil
UITB,Usaa Core Intermediate-Term Bond ETF
UIVM,Usaa MSCI Intl Value Momentum Blend Index ETF
UJB,Ultra High Yield Proshares
ULBR,Citigroup Global Markets Holdings Inc Velocitysh
ULE,Ultra Euro Proshares
ULST,SSGA Ultra Short Term Bond SPDR
ULVM,Usaa MSCI USA Value Momentum Blend Index ETF
UMDD,Ultrapro Midcap 400 Proshares
UNG,US Natural Gas Fund
UNL,US 12 Month Natural Gas
UPRO,Ultrapro S&P 500 Proshares
UPV,Ultra FTSE Europe Proshares
UPW,Ultra Utilities Proshares
UQM,Uqm Technologies Inc
URA,G-X Uranium ETF
URE,Ultra Real Estate Proshares
URG,Ur Energy Inc
URR,Euro 2X ETN Vaneck
URTH,World Index MSCI Ishares
URTY,Ultrapro Russell 2000 Proshares
USAG,US Agriculture Index
USAS,Americas Silver Corp
USCI,US Commodity Index
USD,Ultra Semiconductors Proshares
USDU,Wisdomtree USD Bullish Fund
USEQ,Powershares Russell 1000 Enhanced Equal Weight P
USFR,Wisdomtree Floating Rate Treasury Fund
USHY,Ishares Broad USD High Yield Corporate Bond ETF
USL,US 12 Month Oil
USMF,Wisdomtree U.S. Multifactor Fund
USMV,US Min Vol MSCI Ishares
USO,US Oil Fund
USOD,United States 3X Short Oil Fund
USOU,United States 3X Oil Fund
USRT,Ishares Core US REIT ETF
UST,Ultra 7-10 Year Treasury Proshares
USTB,Usaa Core Short-Term Bond ETF
USV,CMCI Silver TR ETN UBS E-Tracs
USVM,Usaa MSCI USA Small Cap Value Momentum Blend Ind
UTES,Reaves Utilities ETF
UTG,Reaves Utility
UTLF,Ishares Utilities Multifactor
UTSL,Direxion Daily Utilities Bull 3X Shares
UUP,DB US Dollar Bullish Powershares
UUU,Universal Security Instruments
UUU.W,Energy Fuels Inc Warrants
UUUU,Energy Fuels Inc
UVXY,Ultra VIX Short-Term Fut Proshares
UWM,Ultra Russell 2000 Proshares
UWN,Nevada Gold & Casinos
UWT,Velocity 3X Long Crude Oil
UXI,Ultra Industrials Proshares
UYG,Ultra Financials Proshares
UYM,Ultra Basic Materials Proshares
VAMO,Cambria ETF Trust Cambria Value
VAW,Materials ETF Vanguard
VB,Smallcap ETF Vanguard
VBK,Smallcap Growth ETF Vanguard
VBR,Smallcap Value ETF Vanguard
VCF,Delaware Colorado Muni Income Fund Inc
VCR,Consumer Disc ETF Vanguard
VDC,Consumer Staples ETF Vanguard
VDE,Energy ETF Vanguard
VEA,FTSE Developed Markets Vanguard
VEGA,Advisorshares Star Global Buy-Write ETF
VEGI,Global Agriculture Prod MSCI Ishares
VESH,Virtus Enhanced Short U.S. Equity ETF
VEU,FTSE All-World Ex-US ETF Vanguard
VFH,Financial ETF Vanguard
VFL,Delaware Florida Insured Muni
VGFO,Virtus Wmc Global Factor Opportunities ETF
VGK,Europe ETF FTSE Vanguard
VGT,Information Technology ETF Vanguard
VGZ,Vista Gold Corp
VHC,Virnetx Holding Corp
VHT,Healthcare ETF Vanguard
VIG,Dividend Appreciation ETF Vanguard
VII,Vicon Industries Inc
VIOG,S&P Smallcap 600 Growth Vanguard
VIOO,S&P Smallcap 600 Index Vanguard
VIOV,S&P Smallcap 600 Value Vanguard
VIS,Industrials ETF Vanguard
VISI,Volt Information Services Inc.
VIXM,VIX Mid-Term Futures Proshares
VIXY,VIX Short-Term Futures Proshares
VKI,Invesco Advantage Muni Income Trust II
VLU,S&P 1500 Value Tilt ETF SPDR
VLUE,USA Value Factor Ishares ETF
VMAX,Rex Volmaxx Long VIX Weekly Futures
VMIN,Rex Volmaxx Inverse VIX Weekly
VMM,Delaware Minnesota Muni II
VMOT,Alpha Architect Value Momentum Trend ETF
VNLA,Janus Short Duration Income ETF
VNM,Vietnam Vaneck ETF
VNQ,REIT Index ETF Vanguard
VNRX,Volitionrx Ltd
VO,Midcap ETF Vanguard
VOE,Midcap Value ETF Vanguard
VOO,S&P 500 ETF Vanguard
VOOG,S&P 500 Growth ETF Vanguard
VOOV,S&P 500 Value ETF Vanguard
VOT,Midcap Growth ETF Vanguard
VOX,Telecom Services ETF Vanguard
VPL,Pacific ETF FTSE Vanguard
VPU,Utilities ETF Vanguard
VQT,S&P 500 Dynamic Veqtor ETN Barclays
VRP,Variable Rate Preferred Portfolio PS
VSS,FTSE All-World Ex-US Smcp Idx ETF Vanguard
VT,Total World Stock Index ETF Vanguard
VTEB,Tax-Exempt Bond Vanguard
VTI,Total Stock Market ETF Vanguard
VTV,Value ETF Vanguard
VUG,Growth ETF Vanguard
VV,Largecap ETF Vanguard
VWO,Emrg Mkts ETF MSCI Vanguard
VXF,Extended Market Index ETF Vanguard
VXX,VIX Short-Term Futures ETN Ipath
VXZ,VIX Mid-Term Futures ETN Ipath
VYM,High Dividend Yld Indx ETF Vanguard
WBIA,WBI Smg Growth Shares
WBIB,WBI Smg Value Shares
WBIC,WBI Smg Yield Shares
WBID,WBI Smg Select Shares
WBIE,WBI Largecap Growth Shares
WBIF,WBI Largecap Value Shares
WBIG,WBI Largecap Growth Shares
WBIH,WBI High Income Shares
WBII,WBI Income Shares
WBIL,WBI Largecap Select Shares
WBIR,WBI Rotation Shares
WBIY,WBI Largecap Yield Shares
WDIV,S&P Global Dividend SPDR
WDRW,Direxion Regional Banks Bear 3X
WDTI,Managed Futures Wisdomtree
WEAR,Wear ETF
WEAT,Teucrium Wheat
WEET,Grains Pure Beta ETN Ipath
WEXP,Wisdomtree US Export and Multinational Fund
WFHY,Wisdomtree US Hi Yld Corp Bond Fundamental
WFIG,Wisdomtree US Corp Bond Fundamental
WIL,Barclays Women In Leadership ETF
WIP,DB Intl Govt Infl-Protected Bond SPDR
WMCR,Microcap ETF Wilshire
WMW,Mstar Wide Moat Focus ETN Elements
WPS,S&P Dev Ex-US Property Ishares
WREI,US REIT ETF Wilshire
WRN,Western Copper Corp
WSKY,Spirited Funds/Etfmg Whiskey & Spirits ETF
WTID,Crude Daily -3X Inverse Proshares
WTIU,Crude Daily 3X Long Proshares
WTRX,Summit Water Infrastructure Multifactor ETF
WTT,Wireless Telecom Group Inc
WUSA,Wisdomtree US Domestic Economy Fund
WYDE,CDS Short N Amer HY Credit Proshares
WYY,Widepoint Corp
XAR,S&P Aerospace & Defense SPDR
XBI,S&P Biotech SPDR
XCEM,Columbia EM Core Ex-China ETF
XES,S&P Oil & Gas Eqpt & Services SPDR
XHB,S&P Homebuilders SPDR
XHE,S&P Healthcare Equipment SPDR
XHS,S&P Healthcare Services SPDR
XINA,China A Shares IMI MSCI ETF SPDR
XITK,Factset Innovative Technology SPDR
XIVH,Velocity VIX Short Vol Hedged
XLB,S&P 500 Materials Sector SPDR
XLE,S&P 500 Energy Sector SPDR
XLF,S&P 500 Financials Sector SPDR
XLG,Russell Top 50 Guggenheim
XLI,S&P 500 Industrial Sector SPDR
XLK,S&P 500 Info Tech Sector SPDR
XLP,S&P 500 Cons Staples Sector SPDR
XLRE,S&P 500 Real Estate Sector SPDR
XLU,S&P 500 Utilities Sector SPDR
XLV,S&P 500 Healthcare Sector SPDR
XLY,S&P 500 Cons Disc Sector SPDR
XME,S&P Metals & Mining SPDR
XMLV,S&P Midcap Low Vol Portfolio PS
XMPT,CEF Municipal Income ETF Vaneck
XMX,Wisdomtree Global Ex-Mexico Equity Fund
XNTK,SPDR Series Trust
XOP,S&P Oil & Gas Expl & Prod SPDR
XPH,S&P Pharmaceuticals SPDR
XPL,Solitario Exploration & Royalty Corp
XPP,Ultra FTSE China 25 Proshares
XRLV,S&P 500 Ex-Rate Low Vol ETF PS
XRT,S&P Retail SPDR
XSD,S&P Semiconductor SPDR
XSHD,S&P Smallcap Hi Div Low Vol Portolio PS
XSHQ,S&P Smallcap Qlty Portfolio PS
XSLV,S&P Smallcap Low Vol Portfolio PS
XSOE,Wisdomtree EM Ex-Soe Fund
XSW,S&P Software & Srvs ETF SPDR
XTH,S&P Tech Hardware Et SPDR
XTL,S&P 500 Telecom Sector SPDR
XTN,S&P Transportation SPDR
XTNT,Xtant Medical Holdings Inc
XUSA,Quantx Dynamic Beta US Equity ETF
XVZ,S&P 500 Dynamic VIX ETN Ipath
XWEB,S&P Internet ETF SPDR
XXII,22nd Century Group Inc.
XXV,S&P 500 VIX Inv S/T Fut ETN Ipath
YANG,Direxion FTSE China Bear 3X
YAO,China All-Cap Guggenheim
YCL,Ultra Yen Proshares
YCS,Ultrashort Yen Proshares
YESR,Amplify Yieldshares Senior Loan & Income ETF
YINN,Direxion FTSE China Bull 3X
YLD,Principal Edge Active Income ETF
YMLI,High Income Infrastructure MLP Fund Vaneck
YMLP,High Income MLP ETF Yorkville
YUMA,Yuma Energy Inc
YXI,China 25 Short Proshares
YYY,Yieldshares High Income ETF
ZBZX,Bats Bzx Exchange Test Issue
ZDGE,Zedge Inc Class B
ZMLP,Direxion Zacks MLP High Income ETF
ZROZ,25+ Year Zero Cpn U.S. Trsy Idx ETF Pimco
ZSL,Ultrashort Silver Proshares
ZVV,NYSE Arca Test Stock
